R151_query,CLT_source,CLT_source_FID,R151_query_FID,top1_cosine_similarity,distance_score
"The Propulsion Control System shall acquire Vehicle Type from TCMS.

Propulsion shall be blocked and event shall be indicated if the vehicle type is not within valid ranges.",It shall be possible to disable start of APU from PSW during e.g. earth fault detection sequence. The APU shall open its separation contactor when disabled from start.,c4,r1,0.93,0.06999999999999995
"The SW version of the propulsion system shall be reported to TCMS.

The propulsion system shall be blocked and event ‘Software version plausibility fault’ shall be indicated when any software version of the Propulsion System Control Units does not correspond to the software baseline of the propulsion system.

The propulsion system shall not be blocked (consequence above shall be inhibited) when the SW version is a non-released test version, i.e. when the last digit in the version number (software evolution part) is not zero.",The propulsion system shall be blocked and event ‘Software version plausibility fault’ shall be indicated when any software version of the DCU/M do not correspond to the software baseline of the propulsion system.The consequence shall be inhibited during test. I.e. the propulsion system shall not be blocked when the propulsion control software evolution is not zero.,c23,r2,0.97,0.030000000000000027
The requested traction and brake demand shall be selected explicitly by the TCMS and/or Brake Control System via two binary commands for traction and braking and an arithmetical tractive/braking effort reference.,Command of traction and brake shall be sent as individual binary signals to the DCU/M to be used for the validation of the tractive/braking effort reference.,c110,r3,0.93,0.06999999999999995
The sign of the tractive/braking effort and the motor speed shall correspond to the selected direction. A positive effort reference shall indicate tractive effort and vehicle movement in the required direction. A negative sign shall indicate electrodynamic braking effort and vehicle movement against the required direction.,"If the Traction/Brake demand is invalid but ‘hardwire control system’ inputs are otherwise correct, the default performance profile shall be used to determine the demanded tractive effort at the current velocity.The tractive effort request shall be fixed to 16.74 kN/MCM up to 40 km/h and shall be reduced to be zero at 42 km/h. The tractive effort shall still be load weigh compensated.The default performance profile shall be configurable, consisting of 3 data pairs describing a velocity and the tractive effort demand per at that velocity.",c72,r4,0.87,0.13
"The traction and electrodynamic brake reference signal shall be set individually per motor converter.

Comment: For single axle drive systems both the friction brake and the electric brake control need to be controlled per axle, otherwise the electric brake cannot be used to its full potential.","With a shed receptacle connected, the PSW set the dynamic brake reference to zero. Braking will be handled by friction brake since the achieved dynamic brake sent to brake decoders in each car will be zero.When supplied from the shed supply, tractive effort shall be 0kN above 10km/h. The absolute maximum tractive effort applied at any given speed below this speed shall be limited according to a tractive effort curve in such a way that it never exceeds the given current draw limit, see table below.",c74,r5,0.91,0.08999999999999997
"To simplify tests in power lab specific functions are needed e.g.

- it shall be possible to order XX% of total electric brake force","The limitation curve shall be held by the PSW, the curve in DCU/M shall not be used.The output from this function shall be the minimum of:•	Load weighted brake effort (from Load weight compensation function)•	The maximum BE per MCM•	The maximum value of the achieved brake effort (initially set to 38,13kN but be configurable)",c73,r6,0.88,0.12
Demand of traction and brake shall be sent as individual binary signals to the Motor Converter Control Unit to be used for the validation of the tractive/braking effort reference.,Command of traction and brake shall be sent as individual binary signals to the DCU/M to be used for the validation of the tractive/braking effort reference.,c110,r7,0.99,0.010000000000000009
"The changing rate of tractive/braking effort reference shall be limited so that the maximum jerk rate of the train does not exceed [param] m/s3 in traction and [param] m/s3 in braking.

A faster decreasing rate of tractive reference shall be possible when going directly from traction to brake demand.",The DC link shall be charged when the HSCBs are closed.The DC link shall be discharged when the HSCBs are opened and no converter is activated.It shall be possible to re-start motoring within 10 seconds after a loss of the ‘traction supply’ lasting up to 30 seconds.It shall be possible to re-start motoring within 2 seconds after a loss of the ‘traction supply’ lasting up to 10 seconds.,c14,r8,0.93,0.06999999999999995
If traction is commanded and brake is commanded then the traction/brake reference from TCMS shall be ignored.,Traction safe fault supervised by the PSWTraction safe failure shall be indicated when the traction safe status from the two DCU/M differs.,c6,r9,0.95,0.050000000000000044
"The temperature sensors (if used) shall be supervised within PSW for following components:

- traction motor 1..4

- line inductor (only for DC system)

- second harmonic filter inductor (only for AC system)

- auxiliary transformer

The temperature shall be set invalid and event “temperature sensor failure” shall be indicated when the temperature sensor detects a temperature outside its valid limits.",Traction safe fault supervised by the PSWTraction safe failure shall be indicated when the traction safe status from the two DCU/M differs.,c6,r10,0.93,0.06999999999999995
It shall be possible via parameter setting to define the drive direction of each individual motor axle.,Command of traction and brake shall be sent as individual binary signals to the DCU/M to be used for the validation of the tractive/braking effort reference.,c110,r11,0.93,0.06999999999999995
"The requested direction shall be selected explicitly by TCMS via forward and backward drive command.

Change of selected drive direction shall only be accepted and performed if the speed is very low (mechanical axle frequency less below 5 Hz).

The sign of the tractive effort and the motor speed corresponds to the selected direction. A positive sign indicates tractive effort and vehicle movement in the required direction. A negative sign indicates electrodynamic braking effort and vehicle movement against the required direction.","Traction and Brake demand, only in A(C)-carThe PWM signal shall initially be interpreted so that:•	All values 15 – 90% to be scaled linearly.•	The PWM signal is considered invalid when it is less than 5% or more than 95%. •	0 kN motoring/braking effort is represented by a PWM signal at 5-15%.•	31.84 kN motoring effort is represented by a PWM signal at 90-95%.•	31.95 kN braking effort is represented by a PWM signal at 90-95%.The four data pairs shall be configurable.Each PWM signal shall be valid for at least 100 ms (configurable) before input is taken into consideration.As information: the PWM frequency is set to 500 Hz.",c65,r12,0.9,0.09999999999999998
"Activation of motor converter shall be allowed when

Traction safe loop is energized AND
Forward/backward drive direction is selected AND
Vehicle speed is valid AND
The DC link is charged
The motor converter shall be activated when the motor converter is allowed to be activated and:

When moving the drive controller traction position during standstill OR
Drive controller is either set in drive or brake position during running
The motor converter shall be stopped when:

Activation of MCM is not allowed OR
The train is at standstill and no drive order during 2 seconds",The train control system is arranged to provide what is known as “two wire start”.This requires that two separate train line signals must be energised for it to be able to initiate motoring. Activation of motor converter shall be allowed when:•	Traction safe is energised AND•	Forward or Reverse drive direction is selected AND•	Motor Actuate is energised AND•	Unit speed is valid AND•	The DC link is charged (controlled by MCM)•	DC line voltage ≥ 450 VThe motor converter shall be stopped when:•	Activation of MCM is not allowed OR•	The train is at standstill and no drive order for 5 seconds OR•	DC line voltage ≤ 350 V (350 - 400 V is the needed margin to be able to activate backup braking),c5,r13,0.92,0.07999999999999996
With closed DC LCB backup braking shall only be allowed during 3 seconds to make sure that the line voltage is not raised in case of disconnected substations. If the time of 3 seconds is exceeded the motor converters shall be blocked and the LCB shall open.,"HSCB shall be opened after a configurable distance, when in backup braking, to make sure that the line voltage is not raised in case of disconnected substations. If the distance is exceeded the motor converters shall be blocked. The HSCB shall not be reclosed until line voltage is detected.",c87,r14,0.92,0.07999999999999996
Back-up braking shall be inhibited at speeds lower than [param] km/h.,Back-up braking shall be inhibited at speeds lower than 15 km/h.,c130,r15,0.99,0.010000000000000009
"The backup braking functionality shall maintain the auxiliary converters during line power gaps (e.g. because of a neutral section or pantograph bounce) so that no power drops in the 3-phase auxiliary distribution system shall appear.

In backup braking the motor converter shall control the traction motors to slight braking to maintain the voltage in the propulsion DC-link.","HSCB shall be opened after a configurable distance, when in backup braking, to make sure that the line voltage is not raised in case of disconnected substations. If the distance is exceeded the motor converters shall be blocked. The HSCB shall not be reclosed until line voltage is detected.",c87,r16,0.91,0.08999999999999997
The heat sink temperature shall be derived as the maximum of the valid heat sink temperatures within the same converter box. If not all sensors are valid an offset shall be added to the maximum value.,"If the Traction/Brake demand is invalid but ‘hardwire control system’ inputs are otherwise correct, the default performance profile shall be used to determine the demanded tractive effort at the current velocity.The tractive effort request shall be fixed to 16.74 kN/MCM up to 40 km/h and shall be reduced to be zero at 42 km/h. The tractive effort shall be load weight compensated. The speed limits and effort can be reconfigured.",c67,r17,0.91,0.08999999999999997
The internal air temperature shall be derived as the maximum of the valid internal air temperatures within the same converter box. If not all sensors are valid an offset shall be added to the maximum value.,The braking effort (kN) input to propulsion shall in normal operation be the Traction/Brake PWM signal.The brake effort is expressed for a tare loaded car and shall be load compensated.,c71,r18,0.92,0.07999999999999996
If the temperature difference between the air temperature sensors exceeds a maximum allowed difference event and status ‘Internal cooling problem’ shall be indicated.,Event ‘Line trip test failure’ shall be indicated if the line trip relays are not opened during the test.,c51,r19,0.93,0.06999999999999995
The MCM line inductor temperature shall be estimated when temperature sensor is not used or when the measured temperature is not valid.,Traction safe fault supervised by the PSWTraction safe failure shall be indicated when the traction safe status from the two DCU/M differs.,c6,r20,0.92,0.07999999999999996
Traction and brake effort shall be reduced according to a linear function and event “Converter internal air high temperature” shall be indicated when the maximum internal air temperature exceeds [Param] ºC.,"Event ‘Speed calibration is needed’ shall be indicated after a delay when the maximum wheel speed difference of all motor axles is too high and, slip is not detected.",c128,r21,0.93,0.06999999999999995
"Soft shutdown shall be initiated and event “Converter internal air over temperature” shall be indicated within 30 minutes if the maximum internal air temperature exceeds [Param] ºC.

The soft shutdown shall be reset after the maximum internal air temperature falls below [Param] ºC.

The DC link shall be isolated if over temperature is detected 3 times within 30 minutes until fault reset or PSW restart.",It shall be possible to disable start of APU from PSW during e.g. earth fault detection sequence. The APU shall open its separation contactor when disabled from start.,c4,r22,0.93,0.06999999999999995
Regeneration shall be inhibited and the traction effort shall be reduced within 5 seconds according to a linear function and event “Line inductor high temperature” shall be indicated when the line inductor temperature exceeds [param] ºC.,MCM activation shall be blocked within 1s and event “Faulty traction/brake trainline status” shall be indicated when the traction/brake command is invalid but the hardwire control system inputs are otherwise correct.,c139,r23,0.92,0.07999999999999996
"Soft shutdown shall be performed, and event “Line inductor over temperature” shall be indicated if the line inductor temperature exceeds [param] ºC.

The soft shutdown shall be reset after the line inductor temperature falls below [Param] ºC.

The converter shall be isolated if over temperature is detected 3 times within 30 minutes until fault reset or PSW restart.","To reduce the risk for wrong over voltage protection, failures in the DC link voltage measurement shall be detected.The two MCM and the APU DC link voltages shall be transformed to line side of the line inductor when the converters are charged. A plausibility check between line voltage and the transformed DC link voltages shall detect and identify the faulty DC link voltage measurement.The converter shall be blocked if the measured value differs from the calculated median value with more than 50V during 1 s. The converter shall be isolated if 3 faults are detected within 30 minutes.",c19,r24,0.94,0.06000000000000005
The total brake effort for the DC-link shall be reduced according to a linear function and event “High brake chopper semiconductor temperature” shall be indicated when the max value of all brake chopper semiconductor temperatures in the converter box exceeds [Param] ºC.,The braking effort (kN) input to propulsion shall in normal operation be the Traction/Brake PWM signal.The brake effort is expressed for a tare loaded car and shall be load compensated.,c71,r25,0.93,0.06999999999999995
The total brake effort for the DC-link shall be reduced according to a linear function and event “High brake resistor temperature” shall be indicated when the max value of all brake resistor temperatures in the converter box exceeds [Param] ºC.,"Event ‘Speed calibration is needed’ shall be indicated after a delay when the maximum wheel speed difference of all motor axles is too high and, slip is not detected.",c128,r26,0.93,0.06999999999999995
At least one working OVP shall be tested every time the DC link is charged. If all OVP units are detected faulty the test shall be repeated three times thereafter the DC link shall be isolated until fault reset or PSW restart.,Traction test in progress shall be sent to TMS once the test has started and being kept high until test has finished.A failed or a passed traction test shall be communicated to TMS as a status signal and an event shall be set in TDS.,c47,r27,0.94,0.06000000000000005
At least one working OVP shall be tested every time the DC link is charged. If all OVP units are detected faulty the test shall be repeated three times thereafter the DC link shall be isolated until fault reset or PSW restart.,Traction test in progress shall be sent to TMS once the test has started and being kept high until test has finished.A failed or a passed traction test shall be communicated to TMS as a status signal and an event shall be set in TDS.,c47,r28,0.94,0.06000000000000005
"Charge DC link in DC mode

The charging contactor shall be used for charge of the DC link by connecting the DC line voltage to the DC link via the charging resistor.

The charging contactor shall only be closed during the charging sequence of the DC link.

The separation contactor shall be used to connect and separate the DC link from the DC line.

During the charging sequence, the DC link voltage shall be rising above [param] V within a maximum charging time param] before closing the separation contactor.","To reduce the risk for wrong over voltage protection, failures in the DC link voltage measurement shall be detected.The two MCM and the APU DC link voltages shall be transformed to line side of the line inductor when the converters are charged. A plausibility check between line voltage and the transformed DC link voltages shall detect and identify the faulty DC link voltage measurement.The converter shall be blocked if the measured value differs from the calculated median value with more than 50V during 1 s. The converter shall be isolated if 3 faults are detected within 30 minutes.",c19,r29,0.91,0.08999999999999997
"The charging contactor shall not break current and shall not be opened until the separation contactor is closed.

The minimum time between separation contactor open and close order shall be at least 1500 ms.",The discharged resistor test shall be performed every time a traction test is initiated. Corresponding traction test is performed each 34:th day which will meet the requirement for discharging resistor test.,c44,r30,0.91,0.08999999999999997
"Soft shutdown shall be performed, and an event shall be indicated when a charging contactor close order and feedback differ for more than [Param].

The converter shall be isolated if the failure is detected 3 times within 30 minutes until fault reset or PSW restart.",MCM activation shall be blocked within 1s and event “Faulty traction/brake trainline status” shall be indicated when the traction/brake command is invalid but the hardwire control system inputs are otherwise correct.,c139,r31,0.93,0.06999999999999995
"Protective shutdown shall be performed, and event shall be indicated when a charging contactor opening order and feedback differ for more than [Param].

The converter shall be isolated if the failure is detected 3 times within 30 minutes until fault reset or PSW restart.",MCM activation shall be blocked within 1s and event “Faulty traction/brake trainline status” shall be indicated when the traction/brake command is invalid but the hardwire control system inputs are otherwise correct.,c139,r32,0.93,0.06999999999999995
"Protective shutdown shall be performed, and event shall be indicated when the charging contactor is inhibited to open due to too high line circuit current.",MCM activation shall be blocked within 1s and event “Faulty traction/brake trainline status” shall be indicated when the traction/brake command is invalid but the hardwire control system inputs are otherwise correct.,c139,r33,0.93,0.06999999999999995
If the charging contactor cannot open the LCB shall be inhibited to close.,MCM activation shall be blocked within 1s and event “Faulty traction/brake trainline status” shall be indicated when the traction/brake command is invalid but the hardwire control system inputs are otherwise correct.,c139,r34,0.94,0.06000000000000005
"Protective shutdown shall be performed, and event shall be indicated when a separation contactor opening order and feedback differ for more than a certain time.

The converter shall be isolated if the failure is detected 3 times within 30 minutes until fault reset or PSW restart.",MCM activation shall be blocked within 1s and event “Faulty traction/brake trainline status” shall be indicated when the traction/brake command is invalid but the hardwire control system inputs are otherwise correct.,c139,r35,0.94,0.06000000000000005
If the separation contactor cannot open the LCB shall be inhibited to close.,MCM activation shall be blocked within 1s and event “Faulty traction/brake trainline status” shall be indicated when the traction/brake command is invalid but the hardwire control system inputs are otherwise correct.,c139,r36,0.93,0.06999999999999995
"Protective shutdown shall be performed, and event shall be indicated when the separation contactor is inhibited to open due to too high line circuit current.",MCM activation shall be blocked within 1s and event “Faulty traction/brake trainline status” shall be indicated when the traction/brake command is invalid but the hardwire control system inputs are otherwise correct.,c139,r37,0.94,0.06000000000000005
"Before discharge of the DC link, the charging and separation contactors shall be opened.

For the discharge of the DC link, the OVP shall be fired for a certain period of time so the that the capacitors discharges within 10 seconds to a level below 60 volts.",The discharged resistor test shall be performed every time a traction test is initiated. Corresponding traction test is performed each 34:th day which will meet the requirement for discharging resistor test.,c44,r38,0.92,0.07999999999999996
"Protective shutdown shall be performed, and an event shall be indicated when the DC-link voltage, while charging, does not rise above a certain level within a certain time.

The converter shall be isolated if the failure is detected 3 times within 30 minutes until fault reset.",The DC link shall be charged when the HSCBs are closed.The DC link shall be discharged when the HSCBs are opened and no converter is activated.It shall be possible to re-start motoring within 10 seconds after a loss of the ‘traction supply’ lasting up to 30 seconds.It shall be possible to re-start motoring within 2 seconds after a loss of the ‘traction supply’ lasting up to 10 seconds.,c14,r39,0.93,0.06999999999999995
"Protective shutdown shall be performed, and an event shall be indicated if the DC link is discharged but the DC link voltage does not decrease below [param] V.",Traction safe fault supervised by the PSWTraction safe failure shall be indicated when the traction safe status from the two DCU/M differs.,c6,r40,0.92,0.07999999999999996
"The charging resistor temperature shall be calculated based on either actual DC-link current if this is available or dv/dt according to the DCU2 function used today. This to ensure that function is valid even if no current sensor is mounted (as some ACMs).



In case there is a DC-link current sensor available; In the case that UDC is not increasing (as during short circuit) the DC-link current sensor value shall be used for energy calculation instead of the fixed energy used in today's model. The function with DC-link current sensor will ensure that external problems like LCB opening , line voltage drop do not result in a faulty calculated temperature.



In case there is no DC-link current sensor; the todays DCU2 function for energy calculation shall be used.



Charging shall be inhibited if overtemperature is expected due to the estimated charging resistor temperature at start of the charging.","DC link voltage shall be used as line voltage when measured line voltage is not valid. The measured DC link voltage shall be transformed to DC line voltage by calculating the voltage drop over the line inductor. Prioritize DC link voltage in following order:1. Estimated DC line voltage from DC link voltage in MCM1, if valid.2. Estimated DC line voltage from DC link voltage in MCM2, if valid.3. Estimated DC line voltage from DC link voltage in APU, if DC link voltage in APU is valid.HSCB shall be inhibited from close if no valid line voltage can be measured or estimated.",c100,r41,0.91,0.08999999999999997
Vehicle speed and valid train speed shall be acquired from TCMS.,Standstill status shall be set when the unit vehicle speed is valid and below +/-0.2 km/h.,c124,r42,0.93,0.06999999999999995
The vehicle speed shall be set to the vehicle speed calculated by TCMS when the vehicle speed signal from TCMS is valid.,Standstill status shall be set when the unit vehicle speed is valid and below +/-0.2 km/h.,c124,r43,0.95,0.050000000000000044
"If the TCMS signal is not valid the vehicle speed shall locally be calculated based on the axle speed signals from the Motor Converter Control Unit.

During braking, coasting and during start of the train the local vehicle speed shall be calculated as the second highest of all valid axle speed signals.

During traction, the local vehicle speed shall be calculated as the second lowest of all valid axle speed signals.

The highest respectively the lowest axle speed shall be used when not all speed signals are valid.","The speed inputs to create a unit speed are the axle (all driven) speeds in a 2-car unit.During braking, coasting and during start of the train the local vehicle speed shall be calculated as the second highest of all valid axle speed signals.During traction the local vehicle speed shall be calculated as the second lowest of all valid axle speed signals.",c122,r44,0.95,0.050000000000000044
The local vehicle speed (calculated wheel speed) shall be set invalid and event ‘Wheel speed is faulty’ shall be indicated when all axle speed signals are invalid.,The vehicle speed shall be set invalid and event ‘Vehicle speed is faulty’ shall be indicated when all axle speeds are invalid.,c123,r45,0.98,0.020000000000000018
"Standstill status shall be set when

- standstill is detected by TCMS while the vehicle speed signal from TCMS is valid

or

- when the local vehicle speed is valid and below 0.2 km/h while the vehicle speed signal from TCMS is invalid",Standstill status shall be set when the unit vehicle speed is valid and below +/-0.2 km/h.,c124,r46,0.94,0.06000000000000005
"The wheel diameter calibration shall be enabled with 3 s delay at following conditions:

- Vehicle speed calculation is valid

- Calibrated speed is valid

- Traction/braking effort reference (relative reference) is less than 5 %

- Traction/braking effort reference (absolute value) is less than 5 kN

- Emergency brake is not activated

- Friction brake is not applied

- Vehicle speed derivative is less than 0.5 km/h/s

- Slip/slide has not been active during 60 s.

- Enable wheel diamater calibration is set from TCMS","The limitation curve shall be held by the PSW, the curve in DCU/M shall not be used.The output from this function shall be the minimum of:•	Load weighted tractive effort (from Load weight compensation function)• Maximum tractive effort per MCM",c114,r47,0.89,0.10999999999999999
The wheel diameter calibration shall be disabled at low vehicle speed depending of the maximum wheel speed error of all axles. Large difference allows calibration at lower speed. Figure: Enable wheel speed calibration as a function of max wheel speed error,"The wheel diameter calibration shall be disabled at low vehicle speed depending of the maximum wheel speed error of all axles. Large difference allows calibration at lower speed. Figure: Enable wheel speed calibration as a function of max wheel speed error, levels are parameterized.",c125,r48,0.98,0.020000000000000018
Wheel diameter calibration shall not be enabled and event ‘Calibrated speed faulty’ shall be indicated if the calibrated speed is not valid.,The vehicle speed shall be set invalid and event ‘Vehicle speed is faulty’ shall be indicated when all axle speeds are invalid.,c123,r49,0.95,0.050000000000000044
Wheel diameter calibration shall not be enabled and event ‘Difference in calibrated and vehicle speed’ shall be indicated if the difference between calibrated speed and vehicle speed is greater than 10 km/h.,Standstill status shall be set when the unit vehicle speed is valid and below +/-0.2 km/h.,c124,r50,0.93,0.06999999999999995
Event ‘Speed calibration is needed’ shall be indicated after a delay when the maximum wheel speed difference of all motor axles is too high and slip is not detected.,"Event ‘Speed calibration is needed’ shall be indicated after a delay when the maximum wheel speed difference of all motor axles is too high and, slip is not detected.",c128,r51,1.0,0.0
"In traction backup mode it shall be possible to activate the propulsion system and operate the train with restricted speed without MVB communication from TCMS.

This implies that all vital propulsion function shall be controlled via train lines including:

- MCM activation

- Traction reference (only mechanical brake)

- Forward/backward drive direction","A 2-Car Unit shall supply up to 1000 A into the line when braking regeneratively, up to a ‘line voltage’ limit, defined by ‘regen voltage select’ train line.",c121,r52,0.91,0.08999999999999997
"When DC system is selected, the tractive effort shall be limited as a function of DC link voltage according to the figure below.

When DC system is not selected, the tractive effort shall be set to Y1 (corresponds to max available tractive effort).

The increasing and decreasing of the limitation shall be limited by a time ramp. Figure: Tractive effort limitation due to high DC link voltage. ","Traction and Brake demand, only in A(C)-carThe PWM signal shall initially be interpreted so that:•	All values 15 – 90% to be scaled linearly.•	The PWM signal is considered invalid when it is less than 5% or more than 95%. •	0 kN motoring/braking effort is represented by a PWM signal at 5-15%.•	31.84 kN motoring effort is represented by a PWM signal at 90-95%.•	31.95 kN braking effort is represented by a PWM signal at 90-95%.The four data pairs shall be configurable.Each PWM signal shall be valid for at least 100 ms (configurable) before input is taken into consideration.As information: the PWM frequency is set to 500 Hz.",c65,r53,0.89,0.10999999999999999
"Regeneration of DC line current shall be inhibited due to:

- DC line inductor temperature is too high [param] OR

- DC regeneration inhibit due to low DC line voltage [param] OR

- DC regeneration inhibit due to high DC line voltage [param]","Unwarranted regenerationRegeneration inhibit supervision shall be enabled when line voltage is outside the allowed range for regenerative braking. That is, if line voltage is below 400 V or above maximum voltage. Maximum voltage depends on which train lines are set:- with rheostatic braking only train line set: 650 V- without rheostatic braking only and without regeneration level select set: 800 V- without rheostatic braking only but with regeneration level select set: 900 VSoft shutdown shall be initiated and event ‘DC line regeneration inhibit failure’ shall be set with delay [Pt_DcRegInhILo] when:- Regeneration inhibit supervision is enabled AND- DC line current is valid and less than [PI_DcRegInhLo] AND- Integrated/accumulated DC line current is below [PI_DcRegInhLoAcc] for a time delayConsequence:Soft shutdown shall be initiated during a minimum time [Pt_DcRegInhSfSdMn].If 3 faults are detected within 30 minutes, the DC link shall be isolated, and event indicated until fault reset or PSW restart.",c141,r54,0.87,0.13
"Soft shutdown shall be initiated and event ‘DC line regeneration inhibit failure’ shall be set when regeneration is inhibited AND integrated/accumulated DC line current is below [param].

If 3 faults are detected within 30 minutes, the DC link shall be isolated, and event indicated until fault reset or PSW restart.",MCM activation shall be blocked within 1s and event “Faulty traction/brake trainline status” shall be indicated when the traction/brake command is invalid but the hardwire control system inputs are otherwise correct.,c139,r55,0.94,0.06000000000000005
"The DC link current during braking shall be controlled so that the maximum DC line regenerated current (negative DC line current) is limited according to the lowest negative value of:

- DC line current limitation in braking as a function of DC line voltage","With a shed receptacle connected, the PSW set the dynamic brake reference to zero. Braking will be handled by friction brake since the achieved dynamic brake sent to brake decoders in each car will be zero.When supplied from the shed supply, tractive effort shall be 0kN above 10km/h. The absolute maximum tractive effort applied at any given speed below this speed shall be limited according to a tractive effort curve in such a way that it never exceeds the given current draw limit, see table below.",c74,r56,0.88,0.12
"The allowed maximum current per DC link shall be calculated with respect to the maximum allowed line current per DC link and the actual ACM power. 

The ACM power shall be subtracted in braking.

The allowed maximum current shall be divided between the active motor converters connected to the actual DC link.



Offset compensation for all DC links

When the tractive/brake effort reference is limited due to maximal AC line current, the maximum, allowed power per motor converter shall be regulated such as the offset error between measured line current and the maximal line current reference is within an offset (parameter) set to a sufficient high level to avoid influences between the different DC links.



Closed loop control

Each line current measurement segment should have one DC link working as master which shall regulate the offset error between measured line current and the maximal line current reference towards zero.","DC link voltage shall be used as line voltage when measured line voltage is not valid. The measured DC link voltage shall be transformed to DC line voltage by calculating the voltage drop over the line inductor. Prioritize DC link voltage in following order:1. Estimated DC line voltage from DC link voltage in MCM1, if valid.2. Estimated DC line voltage from DC link voltage in MCM2, if valid.3. Estimated DC line voltage from DC link voltage in APU, if DC link voltage in APU is valid.HSCB shall be inhibited from close if no valid line voltage can be measured or estimated.",c100,r57,0.91,0.08999999999999997
"DC line regeneration shall be inhibited within 100 ms, but fulfilling the jerk rate requirements, when DC line voltage is above [param].",Dynamic braking shall not be initiated if the traction/braking demand PWM signal is invalid.,c78,r58,0.92,0.07999999999999996
"The DC link current during traction shall be controlled so that the maximum DC line current is limited according to the lowest value of:

- Max allowed DC line current in traction due to line voltage

- Max allowed DC line current reference from TCMS","The limitation curve shall be held by the PSW, the curve in DCU/M shall not be used.The output from this function shall be the minimum of:•	Load weighted tractive effort (from Load weight compensation function)• Maximum tractive effort per MCM",c114,r59,0.88,0.12
"The allowed maximum current per DC link shall be calculated with respect to the maximum allowed line current per DC link and the actual ACM power. 

The ACM power shall be subtracted in traction.

The allowed maximum current shall be divided between the active motor converters connected to the actual DC link.



Offset compensation for all DC links

When the tractive/brake effort reference is limited due to maximal AC line current, the maximum, allowed power per motor converter shall be regulated such as the offset error between measured line current and the maximal line current reference is within an offset (parameter) set to a sufficient high level to avoid influences between the different DC links.



Closed loop control

Each line current measurement segment should have one DC link working as master which shall regulate the offset error between measured line current and the maximal line current reference towards zero.","DC link voltage shall be used as line voltage when measured line voltage is not valid. The measured DC link voltage shall be transformed to DC line voltage by calculating the voltage drop over the line inductor. Prioritize DC link voltage in following order:1. Estimated DC line voltage from DC link voltage in MCM1, if valid.2. Estimated DC line voltage from DC link voltage in MCM2, if valid.3. Estimated DC line voltage from DC link voltage in APU, if DC link voltage in APU is valid.HSCB shall be inhibited from close if no valid line voltage can be measured or estimated.",c100,r60,0.91,0.08999999999999997
Maximum tractive effort per MCM shall be limited as a function of vehicle speed defined as linear interpolation between 15 points according to the table below: Table: Maximum tractive effort per MCM.,Maximum tractive effort per MCM shall be limited as a function of vehicle speed according to the following table and figure. Table: Speed and TE per MCM.,c112,r61,0.96,0.040000000000000036
Maximum electrodynamic braking effort per MCM shall be limited as a function of vehicle speed defined as linear interpolation between 15 points according to the table below: Table: Maximum electrodynamic braking effort per MCM,Maximum brake effort per MCM shall be limited in accordance with the table and figure below. Table: Speed and BE per MCM,c113,r62,0.91,0.08999999999999997
"Optional:

The temperature cycling of the IGBTs shall be limited:

∙	the traction effort reference shall be limited to 50% at start from standstill up to a minimum vehicle speed (parameter).

∙	the limitation shall be removed if the minimum vehicle speed is not reached 

- within a time delay after traction command is set AND

- within a time delay after pneumatic brake is released and vehicle speed less than 1 km/h

the braking effort reference shall be limited to 50% when braking down from a maximal vehicle speed (parameter) to standstill","The PSW shall be able to select between two different motoring jerk limits. The limits shall be configurable within 0.25 – 1.0 m/s3 range with the resolution 0.05 m/s3. Low limit shall initially be set to 0.5 m/s3.High limit shall initially be set to 0.75 m/s3.The tractive effort shall in the SW be reduced to zero within 60 ms of initial receipt of a service brake request to meet the requirement of 200 ms on a system level, irrespective of jerk rate limits.The PSW shall contain the jerk rate limitation function, the function in the DCU/M shall only be used as a backup if PSW fails to limit the jerk.",c118,r63,0.91,0.08999999999999997
Event ‘Tractive test failure’ shall be indicated at MCM switching test if the line converter or the auxiliary converter or all motor converters are not activated or if achieved tractive effort are not within allowed limits.,Event ‘Tractive test failure’ shall be indicated at MCM switching test if the auxiliary converter or all motor converters are not activated.,c49,r64,0.99,0.010000000000000009
Event ‘Line trip test failure’ shall be indicated if the line trip relays are not opened during the test.,Event ‘Line trip test failure’ shall be indicated if the line trip relays are not opened during the test.,c51,r65,1.0,0.0
Event ‘Earth fault measurement failure’ shall be indicated if the earth fault is not detected during the earth fault test.,Event ‘Earth fault measurement failure’ shall be indicated if the earth fault is not detected during the earth fault detection test.,c50,r66,1.0,0.0
"It shall via the maintenance interface or via test command from TCMS be possible to test the propulsion system.

It shall be possible to perform the test manually of individual components.

It shall be possible to perform the test in an automatic sequence.

It shall be possible to perform the test with or without activated high voltage. Table: Propulsion test.","Tabel: Test performed by activating/deactivating the high voltage. Most of the propulsion components have already been tested when DC link is charged, which is a precondition for the test to start. A self-test is also performed on each DCU-M/VCU-C at powerup. The evaluation of that test is not included in the test described in this chapter. Refer to chapter 5.9.1.1 DCU/M control board hardware and software supervision and 5.9.1.8 CCU-O control board hardware and software supervision.Switching of MCM is not possible in self-test as the emergency brake is applied.",c54,r67,0.88,0.12
The discharged resistor test shall be performed every time a manual test is initiated. Corresponding automatic test shall only be performed each n:th day as specified by the requirement for Discharge resistor supervision.,The discharged resistor test shall be performed every time a traction test is initiated. Corresponding traction test is performed each 34:th day which will meet the requirement for discharging resistor test.,c44,r68,0.95,0.050000000000000044
The Propulsion Control System shall be able to run in Power Circuit Test Mode.,Both motor converters in the 2-car unit shall be allowed to activate backup braking to get a stable DC link voltage control.,c129,r69,0.91,0.08999999999999997
High voltage shall be activated when high voltage is enabled from TCMS.,Dynamic braking shall not be initiated if the traction/braking demand PWM signal is invalid.,c78,r70,0.92,0.07999999999999996
"Event shall be indicated when the Line voltage is NOT considered detected when the DC LCB and separation contactor are closed, and the DC link is charged.",Traction safe fault supervised by the PSWTraction safe failure shall be indicated when the traction safe status from the two DCU/M differs.,c6,r71,0.94,0.06000000000000005
"The LCB shall be opened and event ""Emergency stop activated"" shall be indicated when emergency stop signal is detected.",MCM activation shall be blocked within 1s and event “Faulty traction/brake trainline status” shall be indicated when the traction/brake command is invalid but the hardwire control system inputs are otherwise correct.,c139,r72,0.93,0.06999999999999995
"The manual DC selector switch has three positions.

The switch shall be supervised via two binary inputs for status code 1 and 2. Position change shall be delayed [param] seconds and decoded as: Table DC selector","Event 'HSCB opened by line under voltage' set when:Measured line voltage has been below 400 V during (configurable, initially set to) 5 second when HSCB is closed.Consequence:•	command open HSCB",c97,r73,0.88,0.12
The LCB shall not be allowed to close if the DC selector switch is in position Cut-out.,MCM activation shall be blocked within 1s and event “Faulty traction/brake trainline status” shall be indicated when the traction/brake command is invalid but the hardwire control system inputs are otherwise correct.,c139,r74,0.94,0.06000000000000005
"The DC LCB shall be opened and the DC link shall be discharged and the high voltage system shall be inhibited when the train is at standstill and the DC selector switch is in position Cut-out.



Event 'DC selector switch in position Cut-out’ shall be indicated when the DC selector switch in position Cut-out.",The DC link shall be charged when the HSCBs are closed.The DC link shall be discharged when the HSCBs are opened and no converter is activated.It shall be possible to re-start motoring within 10 seconds after a loss of the ‘traction supply’ lasting up to 30 seconds.It shall be possible to re-start motoring within 2 seconds after a loss of the ‘traction supply’ lasting up to 10 seconds.,c14,r75,0.9,0.09999999999999998
"The DC LCB shall be opened and the DC link shall be discharged and high voltage system shall be inhibited when the train is at standstill and the DC selector switch is in not valid position.



Event ‘DC selector switch plausibility error’ shall be indicated when the DC selector switch in not valid position.",Traction test in progress shall be sent to TMS once the test has started and being kept high until test has finished.A failed or a passed traction test shall be communicated to TMS as a status signal and an event shall be set in TDS.,c47,r76,0.93,0.06999999999999995
"The DC LCB shall be opened when the DC selector switch cover is not closed.



Event 'DC selector switch cover is opened"" shall be indicated if the cover is open while high voltage is enabled (i.e. when the LCB is allowed to close).",The DC link shall be charged when the HSCBs are closed.The DC link shall be discharged when the HSCBs are opened and no converter is activated.It shall be possible to re-start motoring within 10 seconds after a loss of the ‘traction supply’ lasting up to 30 seconds.It shall be possible to re-start motoring within 2 seconds after a loss of the ‘traction supply’ lasting up to 10 seconds.,c14,r77,0.88,0.12
"The DC LCB shall be opened when the Shed supply cover is not closed.



Event 'Shed supply cover is opened"" shall be indicated if the cover is open while high voltage is enabled (i.e. when the LCB is allowed to close).",The DC link shall be charged when the HSCBs are closed.The DC link shall be discharged when the HSCBs are opened and no converter is activated.It shall be possible to re-start motoring within 10 seconds after a loss of the ‘traction supply’ lasting up to 30 seconds.It shall be possible to re-start motoring within 2 seconds after a loss of the ‘traction supply’ lasting up to 10 seconds.,c14,r78,0.89,0.10999999999999999
The LCB shall be opened on request from TCMS.,Event ‘Line trip test failure’ shall be indicated if the line trip relays are not opened during the test.,c51,r79,0.91,0.08999999999999997
The LCB shall be closed on request from TCMS when line voltage is detected and no interlocking is present.,MCM activation shall be blocked within 1s and event “Faulty traction/brake trainline status” shall be indicated when the traction/brake command is invalid but the hardwire control system inputs are otherwise correct.,c139,r80,0.93,0.06999999999999995
"Optional:

The LCB shall automatically be closed after opening due to a temporary protective shutdown.",MCM activation shall be blocked within 1s and event “Faulty traction/brake trainline status” shall be indicated when the traction/brake command is invalid but the hardwire control system inputs are otherwise correct.,c139,r81,0.92,0.07999999999999996
At order to close LCB both close and hold signal shall be sent to the LCB (at the same time). The hold order shall be set as long as the LCB shall be closed. The close order shall be a pulse during [param] seconds.,Traction test in progress shall be sent to TMS once the test has started and being kept high until test has finished.A failed or a passed traction test shall be communicated to TMS as a status signal and an event shall be set in TDS.,c47,r82,0.9,0.09999999999999998
"Normal opening of the LCB shall be delayed [param] to allow the motor converters reduce the tractive/braking effort before the LCB is opened.

In emergency cases the LCB shall be opened with no delay.","HSCB shall be opened after a configurable distance, when in backup braking, to make sure that the line voltage is not raised in case of disconnected substations. If the distance is exceeded the motor converters shall be blocked. The HSCB shall not be reclosed until line voltage is detected.",c87,r83,0.91,0.08999999999999997
"After the LCB has opened, it shall be open at least a minimum time [param] before it is allowed to close again.",Standstill status shall be set when the unit vehicle speed is valid and below +/-0.2 km/h.,c124,r84,0.89,0.10999999999999999
"LCB cannot close

The LCB shall be opened and event ‘LCB cannot close’ shall be indicated when the LCB is ordered to hold but no LCB hold feedback is received.

The high voltage system shall be isolated after too many indications within a time limit until fault reset or PSW restart.",MCM activation shall be blocked within 1s and event “Faulty traction/brake trainline status” shall be indicated when the traction/brake command is invalid but the hardwire control system inputs are otherwise correct.,c139,r85,0.94,0.06000000000000005
"LCB cannot open

The high voltage system shall be isolated (reported to TCMS within 2 s to lower the pantograph) and protective shutdown shall be ordered and event ‘LCB cannot open’ shall be indicated when the LCB is ordered to open but LCB hold feedback is still received. The isolation shall be set until fault reset or PSW restart.",MCM activation shall be blocked within 1s and event “Faulty traction/brake trainline status” shall be indicated when the traction/brake command is invalid but the hardwire control system inputs are otherwise correct.,c139,r86,0.95,0.050000000000000044
"LCB close without order 

Protective shutdown shall be initiated and Event ‘LCB close without order, shall be indicated when

- LCB hold feedback is detected AND

- LCB hold order has not been set

The high voltage system shall be isolated after too many indications within a time limit until fault reset or PSW restart.",MCM activation shall be blocked within 1s and event “Faulty traction/brake trainline status” shall be indicated when the traction/brake command is invalid but the hardwire control system inputs are otherwise correct.,c139,r87,0.94,0.06000000000000005
"LCB open without order 

LCB shall be opened and event ‘Possible line overcurrent detected or LCB is faulty’ shall be indicated when the LCB hold feedback suddenly disappears while the LCB hold order was high.

The high voltage system shall be isolated after too many indications within a time limit until fault reset or PSW restart.",MCM activation shall be blocked within 1s and event “Faulty traction/brake trainline status” shall be indicated when the traction/brake command is invalid but the hardwire control system inputs are otherwise correct.,c139,r88,0.95,0.050000000000000044
"A fast shutdown (FS) blocks the converter, opens the separation contactor by digital output and discharges the DC-link. The LCB remains closed.

Fast shutdown is sent to all control units of one DC link in order to get the reaction in all units simultaneously.



When a fast shutdown (FS) is requested by a protective supervision within the LCM and the MCM the following actions shall be done:

1) Blocking of all IGBT connected to the related converters except the OVP/brake chopper IGBT

2) Open the charging and separation contactors (except FS caused by the ACM)

3) Discharge the DC-Link after the separation contactors is opened

4) Open the auxiliary load contactor

5) The LCB remains closed

6) Fast shutdown within the LCM or the MCM is sent to all units of one DC link



When a FS is requested by a protective supervision within the ACM the following actions are done:

1) Blocking of all IGBT connected to the related ACM

2) Open the auxiliary load contactor","Earth fault in High voltage:If the earth fault remains when the APU and MCM converters are blocked with open separation contactors, the earth fault is most likely located in the high voltage cable, line inductors or in the compressor.Soft shutdown shall be performed and event “Earth fault in high voltage” if compressor contactor is open or “Earth fault in high voltage or compressor” if compressor contactor is closed shall be indicated if the earth fault remains when the APU and MCM converters are blocked with open separation contactors.The propulsion system shall be isolated if the failure is detected 3 times within 30 minutes.",c13,r89,0.87,0.13
"A fast shutdown (FS) blocks the converter, opens the separation contactor by digital output and discharges the DC-link. The LCB remains closed.

Fast shutdown is sent to all control units of one DC link in order to get the reaction in all units simultaneously.



When a fast shutdown (FS) is requested by a protective supervision within the LCM and the MCM the following actions shall be done:

1) Blocking of all IGBT connected to the related converters except the OVP/brake chopper IGBT

2) Open the charging and separation contactors (except FS caused by the ACM)

3) Discharge the DC-Link after the separation contactors is opened

4) Open the auxiliary load contactor

5) The LCB remains closed

6) Fast shutdown within the LCM or the MCM is sent to all units of one DC link



When a FS is requested by a protective supervision within the ACM the following actions are done:

1) Blocking of all IGBT connected to the related ACM

2) Open the auxiliary load contactor","Earth fault in High voltage:If the earth fault remains when the APU and MCM converters are blocked with open separation contactors, the earth fault is most likely located in the high voltage cable, line inductors or in the compressor.Soft shutdown shall be performed and event “Earth fault in high voltage” if compressor contactor is open or “Earth fault in high voltage or compressor” if compressor contactor is closed shall be indicated if the earth fault remains when the APU and MCM converters are blocked with open separation contactors.The propulsion system shall be isolated if the failure is detected 3 times within 30 minutes.",c13,r90,0.87,0.13
"The fault status shall be reported to TCMS for each propulsion system, each DC link and each converter when the actual system/converter cannot be activated due to faults that are set permanently until fault reset or PSW restart.",Each DCU/M and APU converter shall indicate faulty when the actual converter cannot be activated due to faults that are set permanently until fault reset or PSW is restarted.,c16,r91,0.93,0.06999999999999995
"The state of operation for all the converters shall be defined.

1-3 Computer initialization

4 DC link is discharged

6 DC link is charged

9 Converter is in operation

10 Stop operation

12 Discharge DC link

20-39 Protective states

31 Converter is isolated",Earth faultThe PSW reads the earth fault digital inputs:•	Earth fault level 1 detected (single pole)•	Earth fault level 2 detected (double pole)•	No indication of earth fault in heating system•	Main Heating contactor closed• Compressor contactor closed,c11,r92,0.88,0.12
"The converter shall be stopped and event shall be indicated when the converter is manually cut-out either via command from TCMS or via set of local parameter.

Cut-out of the MCM shall stop the actual MCM.

Cut-out of the MCM in DC mode shall stop the actual MCM and open it’s charging and separation contactors but the DC link shall still be allowed to be charged to uphold the DC link voltage.

Cut-out of the ACM shall stop the actual ACM.","When two or more OVP's are in use and one of them is unavailable, the unavailable OVP shall be isolated.The OVP shall be considered unavailable when the corresponding DCU/M:•	is isolated or•	is blocked due to DC link voltage measurement failure or•	has a communication faultIf none of the OVPs in the DC link are available neither of the OVPs shall be commanded to be isolated. Central Line has only one OVP in each DC link and shall therefore not isolate the OVP.",c18,r93,0.9,0.09999999999999998
"The voltage and current sensors in the converter shall be DC-offset calibrated before the converter can be activated.

The LCB shall be opened, all converters shall be stopped and the DC link shall be discharged during calibration to ensure no currents.

The DC link shall actively be discharged during calibration to ensure no DC link voltage.","To reduce the risk for wrong over voltage protection, failures in the DC link voltage measurement shall be detected.The two MCM and the APU DC link voltages shall be transformed to line side of the line inductor when the converters are charged. A plausibility check between line voltage and the transformed DC link voltages shall detect and identify the faulty DC link voltage measurement.The converter shall be blocked if the measured value differs from the calculated median value with more than 50V during 1 s. The converter shall be isolated if 3 faults are detected within 30 minutes.",c19,r94,0.95,0.050000000000000044
"The brake chopper interlacing angle (0..360 degree) shall be calculated based on how many brake choppers that are in use and their positions.

The first used MCM 1..4 with not isolated brake chopper (OVP) shall be set as brake chopper interlacing master.

In case each motor converter includes two brake choppers, the interlacing angle (0..180 degree) shall only be calculated for the primary brake chopper (OVP1).","Traction and Brake demand, only in A(C)-carThe PWM signal shall initially be interpreted so that:•	All values 15 – 90% to be scaled linearly.•	The PWM signal is considered invalid when it is less than 5% or more than 95%. •	0 kN motoring/braking effort is represented by a PWM signal at 5-15%.•	31.84 kN motoring effort is represented by a PWM signal at 90-95%.•	31.95 kN braking effort is represented by a PWM signal at 90-95%.The four data pairs shall be configurable.Each PWM signal shall be valid for at least 100 ms (configurable) before input is taken into consideration.As information: the PWM frequency is set to 500 Hz.",c65,r95,0.88,0.12
"The incoming power shall be calculated as the DC link power (Udc*Idc).

The outgoing power shall be calculated as the sum of the MCM power, the ACM power and the OVP/brake chopper power.

The DC link power balance supervision shall only be activated when all power signals for incoming and outgoing power are valid.

Soft shutdown shall be performed, and event DC link power balance fault shall be indicated when the absolute value of the difference between incoming and outgoing power is above 100 kW for longer than 3 s.

The DC link shall be isolated if the failure is detected 3 times within 30 minutes until fault reset or PSW restart.","To reduce the risk for wrong over voltage protection, failures in the DC link voltage measurement shall be detected.The two MCM and the APU DC link voltages shall be transformed to line side of the line inductor when the converters are charged. A plausibility check between line voltage and the transformed DC link voltages shall detect and identify the faulty DC link voltage measurement.The converter shall be blocked if the measured value differs from the calculated median value with more than 50V during 1 s. The converter shall be isolated if 3 faults are detected within 30 minutes.",c19,r96,0.96,0.040000000000000036
"The faulty converter shall be blocked and event shall be indicated for each converter if its measurement value differs from the median calculated value more than 100 V during 1 s.

The faulty converter shall be isolated if 3 faults are detected within 30 minutes until fault reset or PSW restart.","To reduce the risk for wrong over voltage protection, failures in the DC link voltage measurement shall be detected.The two MCM and the APU DC link voltages shall be transformed to line side of the line inductor when the converters are charged. A plausibility check between line voltage and the transformed DC link voltages shall detect and identify the faulty DC link voltage measurement.The converter shall be blocked if the measured value differs from the calculated median value with more than 50V during 1 s. The converter shall be isolated if 3 faults are detected within 30 minutes.",c19,r97,0.94,0.06000000000000005
"At least two converters from which at least one converter including an active OVP unit must have a valid DC link voltage measurement due the requirement of at least one active overvoltage protection (OVP). If not, fault shall be indicated and charge of the DC link shall be inhibited within 10 seconds.",Traction safe fault supervised by the PSWTraction safe failure shall be indicated when the traction safe status from the two DCU/M differs.,c6,r98,0.93,0.06999999999999995
"Passive discharge test shall be used for supervision of the DC link capacitance and the passive discharge resistor.

Passive discharge shall be tested as a part of the automatic train test every n:th day (parameter). To test the passive discharge the DC-link shall be passively discharged from nominal DC-link voltage to a certain level in a certain time. It is not necessary to perform the test all the way down to <50V.



Soft shutdown shall be initiated if the passive discharge rate is too fast indicating faulty capacitor DC link capacitor. The DC link shall be isolated if the DC link capacitor test fails repeatedly until fault reset.



Event shall be indicated if the test has not been performed within n:th days.

The converter connected to the DC link shall be blocked if the test has not been performed within n+m (parameter) days.","To reduce the risk for wrong over voltage protection, failures in the DC link voltage measurement shall be detected.The two MCM and the APU DC link voltages shall be transformed to line side of the line inductor when the converters are charged. A plausibility check between line voltage and the transformed DC link voltages shall detect and identify the faulty DC link voltage measurement.The converter shall be blocked if the measured value differs from the calculated median value with more than 50V during 1 s. The converter shall be isolated if 3 faults are detected within 30 minutes.",c19,r99,0.94,0.06000000000000005
"During operation, any earth fault in the power chain shall be detected from and including the propulsion windings of the main transformer to and including

- the stator windings of the traction motors

and to and including

- the primary windings of the auxiliary power 3‑phase transformer.

When an earth fault is detected, the ACM and MCM converters shall temporarily be blocked.

By activation of one converter module after another, it is possible to locate the earth fault.

If the earth fault is located to the three-phase load of one of the converter modules, that converter module shall permanently be blocked and the rest of the system shall continue its operation.","Single pole earth faultWhen a single pole earth fault is detected, the two MCMs and the APU shall temporarily be blocked with open separation contactors.By activation of one converter module after another, it might be possible to locate the earth fault.The single pole earth fault sequence shall not start if a double pole earth fault is detected.The single pole earth fault sequence shall not start if the earth fault is reported from the heating system. The Main Heating contactor is opened, and traction system can continue to operate in normal mode.Sequence for single pole earth fault detection for more than 200 ms:∙	Block all converters with open separation contactors, including APU∙	Εarth fault active, earth fault not within any converter, stop sequence and isolate propulsion system∙	Start APU∙	Εarth fault active, earth fault within APU, stop sequence and isolate propulsion system∙	Start MCM in A(C)-car∙	Εarth fault active, earth fault within MCM in A(C)-car, isolate MCM in A(C)-car∙	Start MCM in B-car∙	Εarth fault active, earth fault within MCM in B-car, isolate MCM in B-carThe HSCB shall be opened if the earth fault is still active when all converters are blocked with open separation contactors.If the earth fault is located at the APU, the whole unit shall be isolated. The HSCB shall be kept closed to support compressor and heating system.If the earth fault is located in the MCM DC link, at the brake resistor or the three phase load of one of the MCMs, that MCM shall permanently be isolated with open separation contactors, and the rest of the system shall continue its normal operation.Event “Single pole earth fault” shall be indicated when a single pole earth fault is detected.The propulsion system shall be isolated if the Single pole earth fault is detected 5 times within 30 minutes.",c20,r100,0.88,0.12
"Earth fault in high voltage system (after DC LCB)

If earth fault is detected when the DC LCB is closed but the charging and separation contactors are open the earth fault is in the cabling between DC LCB and DC link charging circuit.

The DC LCB shall be opened, and event “Earth fault in high voltage system” shall be indicated if earth fault is detected when the DC LCB is closed but the charging and separation contactors are open.

The DC LCB shall be isolated if the failure is detected 3 times within 30 minutes until fault reset.","Earth fault in High voltage:If the earth fault remains when the APU and MCM converters are blocked with open separation contactors, the earth fault is most likely located in the high voltage cable, line inductors or in the compressor.Soft shutdown shall be performed and event “Earth fault in high voltage” if compressor contactor is open or “Earth fault in high voltage or compressor” if compressor contactor is closed shall be indicated if the earth fault remains when the APU and MCM converters are blocked with open separation contactors.The propulsion system shall be isolated if the failure is detected 3 times within 30 minutes.",c13,r101,0.91,0.08999999999999997
"Earth fault in DC link

If the earth fault remains when the converters are blocked, the earth fault is located in the DC-link or in the high voltage cable.

Soft shutdown shall be performed, and event “Earth fault in DC link” shall be indicated if the earth fault remains when the converters are blocked. 

The propulsion system shall be isolated if the failure is detected 3 times within 30 minutes until fault reset.","Earth fault in High voltage:If the earth fault remains when the APU and MCM converters are blocked with open separation contactors, the earth fault is most likely located in the high voltage cable, line inductors or in the compressor.Soft shutdown shall be performed and event “Earth fault in high voltage” if compressor contactor is open or “Earth fault in high voltage or compressor” if compressor contactor is closed shall be indicated if the earth fault remains when the APU and MCM converters are blocked with open separation contactors.The propulsion system shall be isolated if the failure is detected 3 times within 30 minutes.",c13,r102,0.95,0.050000000000000044
"Earth fault MCM:

After activation of the auxiliary converter, the motor converter shall be activated in order to determine if the earth fault is on the three-phase output side of the converter.

If when earth fault is detected, the motor converter shall be isolated and event “Earth fault MCM” shall be indicated until fault reset.","Earth fault APU:If no earth fault is detected when all converters are blocked, the APU shall be activated to determine if the earth fault is in the APU converter.If earth fault is detected, the APU and the two car unit shall be isolated and event “Earth fault APU” shall be indicated. The isolation is active when PSW disable start of APU. APU shall open its separation contactor when PSW disables start.",c9,r103,0.94,0.06000000000000005
"Propulsion control shall acquire the status of the traction safe loop from TCMS.

Event shall be indicated when the status traction safe from the Motor Converter Control Unit differs from the status traction safe loop.","The gear case speed probes shall be monitored by the PSW to identify a defective speed probe during normal service operation. If any one of the speed probes is registering more than 10 km/h deviation from the speed measured by the motor speed probe on same wheel axle, for more than five seconds, that speed probe shall be declared to be faulty.Diagnostic event is set when a faulty speed probes is detected, and the event is sent to TMS. Active slip/slide or wheel diameter calibration shall not cause faulty triggering of the event.",c79,r104,0.92,0.07999999999999996
"The Propulsion Control System shall implement the following protective actions in priority order:



1. Protective Shutdown

2. Fast Shutdown

3. Soft Shutdown

4a. Protective Blocking Chopper (only for xCCD)

4b. Protective Blocking Phases (only for xCCD)

5. Single phase blocking (Fast Blocking) (only for xCCD)

6. Soft Blocking (only for MCCD)

7. LCB Open (PSW)

8. Charge Inhibit (PSW)



Except for Protective Blocking interrupting a Soft Shutdown, a Protective Action with higher priority (lower number) shall interrupt a Protective Action with lower priority (higher number).



When a request of a Protective Blocking comes during a Soft Shutdown sequence, the blocking of the converter shall be performed immediately (I.e. the blocking shall be performed fast, but the Soft Shutdown sequence shall not be quit.)","Unwarranted regenerationRegeneration inhibit supervision shall be enabled when line voltage is outside the allowed range for regenerative braking. That is, if line voltage is below 400 V or above maximum voltage. Maximum voltage depends on which train lines are set:- with rheostatic braking only train line set: 650 V- without rheostatic braking only and without regeneration level select set: 800 V- without rheostatic braking only but with regeneration level select set: 900 VSoft shutdown shall be initiated and event ‘DC line regeneration inhibit failure’ shall be set with delay [Pt_DcRegInhILo] when:- Regeneration inhibit supervision is enabled AND- DC line current is valid and less than [PI_DcRegInhLo] AND- Integrated/accumulated DC line current is below [PI_DcRegInhLoAcc] for a time delayConsequence:Soft shutdown shall be initiated during a minimum time [Pt_DcRegInhSfSdMn].If 3 faults are detected within 30 minutes, the DC link shall be isolated, and event indicated until fault reset or PSW restart.",c141,r105,0.87,0.13
"Protective Shutdown (PS) is the most restrictive Protective Action since it by opening the Line Trip Chain (HW) forces the LCB to open. PS is used to minimize the damage in the System in critical situations such as short circuits and high risk for fire/explosion.

This protective action is only used when the situation is critical and there is no way to protect the Propulsion System by using other actions. The reason for this is to ensure a high degree of availability of the system.



When a Protective Shutdown is requested the following actions shall be done:

- Blocking of converter phases within 2,5μs (If supervision via HW) or 1ms (If supervision via SW).

- Blocking of other converter phases connected to the same DC-link within 1ms.

- Separate the faulty DC-link from the supply.

- By opening the Separation Contactor if DC-link current is within limits. 

- Else first open the Line Circuit Breaker, and then the Separation Contactor.

- If PM-motor is used open the Motor Contactor.

- Discharge the DC-Link.



One of following states shall follow a PS state. The states are listed in priority order:

- Isolation

- Re-initialization

- Discharge of converter","Unwarranted regenerationRegeneration inhibit supervision shall be enabled when line voltage is outside the allowed range for regenerative braking. That is, if line voltage is below 400 V or above maximum voltage. Maximum voltage depends on which train lines are set:- with rheostatic braking only train line set: 650 V- without rheostatic braking only and without regeneration level select set: 800 V- without rheostatic braking only but with regeneration level select set: 900 VSoft shutdown shall be initiated and event ‘DC line regeneration inhibit failure’ shall be set with delay [Pt_DcRegInhILo] when:- Regeneration inhibit supervision is enabled AND- DC line current is valid and less than [PI_DcRegInhLo] AND- Integrated/accumulated DC line current is below [PI_DcRegInhLoAcc] for a time delayConsequence:Soft shutdown shall be initiated during a minimum time [Pt_DcRegInhSfSdMn].If 3 faults are detected within 30 minutes, the DC link shall be isolated, and event indicated until fault reset or PSW restart.",c141,r106,0.87,0.13
"The LCB shall be opened when protective shutdown is initiated (either from the converter control devices or from the PSW itself). 

LCB shall be opened via two paths:

- via protective shutdown order down to the converter control devices and line trip (SIL2 safety related part)

- via LCB open order to the high voltage control within the PSW (basic integrity part)",It shall be possible to disable start of APU from PSW during e.g. earth fault detection sequence. The APU shall open its separation contactor when disabled from start.,c4,r107,0.9,0.09999999999999998
"To minimize unneeded interruptions of operation caused by external disturbances or other transient faults, most of the supervised limits have an allowed number of detections within a time period. If a failure becomes too frequent the related control unit performs a DC link isolation.



On request of Isolation following sequence shall be executed for the related control unit:

1) Blocking of all converters connected to the DC link

2) Open the charging and separation contactors

4) No essential supervision for this state shall be deactivated

5) The unit keeps the state Isolation until fault reset is initiated, restart of the control unit board does not reset the isolation state","Unwarranted regenerationRegeneration inhibit supervision shall be enabled when line voltage is outside the allowed range for regenerative braking. That is, if line voltage is below 400 V or above maximum voltage. Maximum voltage depends on which train lines are set:- with rheostatic braking only train line set: 650 V- without rheostatic braking only and without regeneration level select set: 800 V- without rheostatic braking only but with regeneration level select set: 900 VSoft shutdown shall be initiated and event ‘DC line regeneration inhibit failure’ shall be set with delay [Pt_DcRegInhILo] when:- Regeneration inhibit supervision is enabled AND- DC line current is valid and less than [PI_DcRegInhLo] AND- Integrated/accumulated DC line current is below [PI_DcRegInhLoAcc] for a time delayConsequence:Soft shutdown shall be initiated during a minimum time [Pt_DcRegInhSfSdMn].If 3 faults are detected within 30 minutes, the DC link shall be isolated, and event indicated until fault reset or PSW restart.",c141,r108,0.9,0.09999999999999998
"The DC LCB shall be opened and the DC link shall be discharged when the Traction converter front cover is not closed.



Event Traction converter front cover is opened"" shall be indicated if the cover is open while high voltage is enabled (i.e. when the LCB is allowed to close).",The DC link shall be charged when the HSCBs are closed.The DC link shall be discharged when the HSCBs are opened and no converter is activated.It shall be possible to re-start motoring within 10 seconds after a loss of the ‘traction supply’ lasting up to 30 seconds.It shall be possible to re-start motoring within 2 seconds after a loss of the ‘traction supply’ lasting up to 10 seconds.,c14,r109,0.88,0.12
It shall be possible to reduce the brake power if too many brake choppers are isolated.,Dynamic braking shall not be initiated if the traction/braking demand PWM signal is invalid.,c78,r110,0.91,0.08999999999999997
"The event collection shall be activated when TCMS reports that TDS database is ready.

The event collection shall be delayed according to device type and position to get a staggering activation of the event collection.

The event collection shall not be activated within each device before the IP network towards the diagnostic unit is up and running.",The event collection shall be activated when TDS database reports it is ready.The event collection shall be delayed according to device type and position to get a staged activation of the event collection.The event collection shall not be activated within each device before the network towards the diagnostic unit is up and running.,c25,r111,0.99,0.010000000000000009
"Condition data counters shall be sent via the Ethernet network to the superior diagnostic system.

Condition data counters shall be used for:

- Working time versus ambient temperature for

All converters LCM, MCM and ACM

Propulsion control leader

Traction operation

Electrodynamic brake operation

Converter cooling fans

Main transformer cooling fans

Main transformer oil pump

Brake resistor fans

Motor cooling fans

- Working distance for

Traction motor (per MCM)

- Number of activations for

Propulsion control leader

LCB activations

Fault reset

Converter cooling fans

Main transformer cooling fans

Main transformer oil pump

Brake resistor fans

Motor cooling fans

Auxiliary load contactor

Charging contactor

Separation contactor

other contactors



- Energy consumption for

Traction

Auxiliary three phase voltage

Auxiliary battery voltage

- Working time under different operation modes

Electronic switched off, switched on respectively switched on with in operation

Capacitor, at DC-link charged and at DC-link in operation","Each of the four derived cable currents shall be squared and then low pass filtered with the time constant corresponding to the cables thermal time constant.The continuous current level shall be defined as a parameter, which the filtered cable current will be compared to.If the low pass filtered current value exceeds the continuous level, the rail power shall be limited to 50% of maximum converter rail power, independent of operation mode. No speed restriction is required.The protection shall only be active if:•	Current measurement is valid• Changeover switch in TRACK positionCable temperature raising shall be reported to TDS as:•	The A end, positive feed from bogie to propulsion•	The D end, positive feed from bogie to propulsion•	The A end, negative feed from bogie to propulsion•	The D end, negative feed from bogie to propulsion",c85,r112,0.87,0.13
