R151_query,CLT_source,CLT_source_FID,R151_query_FID,top1_cosine_similarity,distance_score
propulsion control acquire vehicle type tcms propulsion blocked event indicated vehicle type within valid ranges,propulsion blocked event software version plausibility fault indicated software version dcu correspond software baseline propulsion consequence inhibited test e propulsion blocked propulsion control software evolution zero,c23,r1,0.75,0.25
sw version propulsion reported tcms propulsion blocked event software version plausibility fault indicated software version propulsion control units correspond software baseline propulsion propulsion blocked consequence inhibited sw version non released test version e last digit version number software evolution part zero,propulsion blocked event software version plausibility fault indicated software version dcu correspond software baseline propulsion consequence inhibited test e propulsion blocked propulsion control software evolution zero,c23,r2,0.94,0.06000000000000005
requested traction brake demand selected explicitly tcms brake control via two binary commands traction braking arithmetical tractive braking effort reference,command traction brake sent individual binary signals dcu used validation tractive braking effort reference,c110,r3,0.9,0.09999999999999998
sign tractive braking effort motor speed correspond selected direction positive effort reference indicate tractive effort vehicle movement required direction negative sign indicate electrodynamic braking effort vehicle movement required direction,shed receptacle connected psw set dynamic brake reference zero braking handled friction brake since achieved dynamic brake sent brake decoders car zero supplied shed supply tractive effort 0kn 10km h absolute maximum tractive effort applied given speed speed limited according tractive effort curve way never exceeds given current draw limit see table,c74,r4,0.83,0.17000000000000004
traction electrodynamic brake reference signal set individually per motor converter comment single axle drive systems friction brake electric brake control need controlled per axle otherwise electric brake used full potential,propulsion detect slide similar conditions wsp unit settings ensure traction slide control attempt correct slide wsp activates inhibits dynamic brake thresholds dynamic brake slide control need greater defined friction brake wsp normal conditions event slide wsp unit detect open contact prevent eventual brake inhibit signal reach brake decoder see figure slip sustained brake actuate line psw cut c car ordering dynamic brake effort reduced zero c b car wsp control slide rest stop using friction brake motors deactivated way four motors connected one mcm interfere wsp wsp available slide detected traction wsp addressed brake actuate signal still available showing wsp failed respond traction try address slide case brake inhibit signal set high relevant car ramp mechanical brake optimised dynamic brake slide control case used control slide without interference friction brake dynamic effort restored without slide occurring brake inhibit signal car set low friction brake effort allowed make full demanded brake effort following two seconds brake inhibit signal remained high four seconds indicating major problems arresting slide local brake decoder begin ignore signal restore full friction brake effort irrespective state traction traction four seconds set brake fade signal high total length pulse 1 brake inhibit low ramp dynamic brake similar way described chapter brake blending dynamic brake case inhibited long brake demanded speed dynamic brake fade signal sent traction attempt made arrest slip transmitting brake inhibit signal even conditions stated detected indicating wsp passive state,c140,r5,0.89,0.10999999999999999
simplify tests power lab specific functions needed e g possible order xx total electric brake force,self test performed day entering ready state test take longer two minutes complete start self test propulsion powered apu ordered start overload aux set dc link charged emergency brake applied train speed 3 km hemergency brake connected traction safe input,c52,r6,0.79,0.20999999999999996
demand traction brake sent individual binary signals motor converter control unit used validation tractive braking effort reference,command traction brake sent individual binary signals dcu used validation tractive braking effort reference,c110,r7,0.95,0.050000000000000044
changing rate tractive braking effort reference limited maximum jerk rate train exceed param s3 traction param s3 braking faster decreasing rate tractive reference possible going directly traction brake demand,wheel diameter calibration enabled 3 delay following conditions vehicle speed calculation valid fast increase brake effort activated traction braking effort reference relative reference less tractive brake effort limitation px encalwhdmfma traction braking effort reference absolute value less tractive brake effort limitation pe encalwhdmfma vehicle speed greater speed level function maximum wheel speed error axles specified figure large difference allows calibration lower speed slip slide active time pt encalwhdmss maximum wheel speed difference high reference speed wheel diameter calibration valid reference speed derivate within speed derivative limitation p encalwhdmderl,c126,r8,0.88,0.12
traction commanded brake commanded traction brake reference tcms ignored,command traction brake sent individual binary signals dcu used validation tractive braking effort reference,c110,r9,0.74,0.26
temperature sensors used supervised within psw following components traction motor 1 4 line inductor dc second harmonic filter inductor ac auxiliary transformer temperature set invalid event temperature sensor failure indicated temperature sensor detects temperature outside valid limits,following configurable parameters supported high motoring jerk limit 1 parameter low motoring jerk limit 1 parameter braking jerk limit 1 parameter four data pairs representing interpretation five pwm signals 40 parameters time confirm emergency brake demand valid 1 parameter time confirm locally feed train line valid 1 parameter time confirm train line valid 1 parameter speed initiates end stop brake blend 1 parameter distance voltage level open hscb braking regeneration 2 parameters time opening hscb line voltage drops 400v 1 parameter time opening hscb line voltage exceeds 1000v 1 parameter specific tractive effort curve 20 data pairs 40 parameters default performance profile consisting table less 3 data pairs 6 parameters configurable dust cleaner use external fan 3 parameters configurable dust cleaner use brake resistor fan 3 parameters battery supervision 3 parameters backup braking speed 2 parameters motor warning temperature levels 2 parameters shoe cable protection 2 parametersin total 112 parameters,c86,r10,0.84,0.16000000000000003
possible via parameter setting define drive direction individual motor axle,drive direction dcum defined according figure figure drive direction formation shown one possibilities since train commands suitably converted unit basis wire swapping auto couplers case forward reverse train line document need consider every possible formation,c108,r11,0.83,0.17000000000000004
requested direction selected explicitly tcms via forward backward drive command change selected drive direction accepted performed speed low mechanical axle frequency less 5 hz sign tractive effort motor speed corresponds selected direction positive sign indicates tractive effort vehicle movement required direction negative sign indicates electrodynamic braking effort vehicle movement required direction,requested traction brake command selected explicitly train control via two binary commands traction braking arithmetical traction braking effort reference interpreted pwm signal pwm effort demand train lines likely synchronised transition traction brake brake traction smooth transition internal propulsion transition delayed compared train line mode switch occur calculated effort reference zero ramping towards zero done jerk rate new mode continue ramp towards pwm demanded effort jerk rate,c109,r12,0.85,0.15000000000000002
activation motor converter allowed traction safe loop energized forward backward drive direction selected vehicle speed valid dc link charged motor converter activated motor converter allowed activated moving drive controller traction position standstill drive controller either set drive brake position running motor converter stopped activation mcm allowed train standstill drive order 2 seconds,train control arranged provide known two wire start requires two separate train line signals must energised able initiate motoring activation motor converter allowed traction safe energised forward reverse drive direction selected motor actuate energised unit speed valid dc link charged controlled mcm dc line voltage 450 vthe motor converter stopped activation mcm allowed train standstill drive order 5 seconds dc line voltage 350 v 350 400 v needed margin able activate backup braking,c5,r13,0.92,0.07999999999999996
closed dc lcb backup braking allowed 3 seconds make sure line voltage raised case disconnected substations time 3 seconds exceeded motor converters blocked lcb open,hscb opened configurable distance backup braking make sure line voltage raised case disconnected substations distance exceeded motor converters blocked hscb reclosed line voltage detected,c87,r14,0.86,0.14
back braking inhibited speeds lower param km h,back braking inhibited speeds lower 15 km h,c130,r15,0.94,0.06000000000000005
backup braking functionality maintain auxiliary converters line power gaps e g neutral section pantograph bounce power drops 3 phase auxiliary distribution appear backup braking motor converter control traction motors slight braking maintain voltage propulsion dc link,motor converters 2 car unit allowed activate backup braking get stable dc link voltage control,c129,r16,0.88,0.12
heat sink temperature derived maximum valid heat sink temperatures within converter box sensors valid offset added maximum value,four derived cable currents squared low pass filtered time constant corresponding cables thermal time constant continuous current level defined parameter filtered cable current compared low pass filtered current value exceeds continuous level rail power limited 50 maximum converter rail power independent operation mode speed restriction required protection active current measurement valid changeover switch track positioncable temperature raising reported tds end positive feed bogie propulsion end positive feed bogie propulsion end negative feed bogie propulsion end negative feed bogie propulsion,c85,r17,0.79,0.20999999999999996
internal air temperature derived maximum valid internal air temperatures within converter box sensors valid offset added maximum value,four derived cable currents squared low pass filtered time constant corresponding cables thermal time constant continuous current level defined parameter filtered cable current compared low pass filtered current value exceeds continuous level rail power limited 50 maximum converter rail power independent operation mode speed restriction required protection active current measurement valid changeover switch track positioncable temperature raising reported tds end positive feed bogie propulsion end positive feed bogie propulsion end negative feed bogie propulsion end negative feed bogie propulsion,c85,r18,0.8,0.19999999999999996
temperature difference air temperature sensors exceeds maximum allowed difference event status internal cooling problem indicated,method thought beneficial limit dust build external air cooling ducts periodically activate external fan high speed thought normal service high speed mode external fan used much low speed gives sufficient cooling high speed activated certain conditions loose dust might blown cooling mentioned function would activated towards higher vehicle speeds done limit noise impact also time counter implemented keep track time since high speed fan activation time reaches certain value vehicle speed limit fans activated also possible manually activate function tms use ip interface laptop connected propulsion maintenance port manually activation trig positive transition activation signal activated time automated activation regardless long time signal kept high,c103,r19,0.79,0.20999999999999996
mcm line inductor temperature estimated temperature sensor used measured temperature valid,reduce risk wrong voltage protection failures dc link voltage measurement detected two mcm apu dc link voltages transformed line side line inductor converters charged plausibility check line voltage transformed dc link voltages detect identify faulty dc link voltage measurement converter blocked measured value differs calculated median value 50v 1 converter isolated 3 faults detected within 30 minutes,c19,r20,0.75,0.25
traction brake effort reduced according linear function event converter internal air high temperature indicated maximum internal air temperature exceeds param c,four derived cable currents squared low pass filtered time constant corresponding cables thermal time constant continuous current level defined parameter filtered cable current compared low pass filtered current value exceeds continuous level rail power limited 50 maximum converter rail power independent operation mode speed restriction required protection active current measurement valid changeover switch track positioncable temperature raising reported tds end positive feed bogie propulsion end positive feed bogie propulsion end negative feed bogie propulsion end negative feed bogie propulsion,c85,r21,0.84,0.16000000000000003
soft shutdown initiated event converter internal air temperature indicated within 30 minutes maximum internal air temperature exceeds param c soft shutdown reset maximum internal air temperature falls param c dc link isolated temperature detected 3 times within 30 minutes fault reset psw restart,unwarranted regenerationregeneration inhibit supervision enabled line voltage outside allowed range regenerative braking line voltage 400 v maximum voltage maximum voltage depends train lines set rheostatic braking train line set 650 v without rheostatic braking without regeneration level select set 800 v without rheostatic braking regeneration level select set 900 vsoft shutdown initiated event dc line regeneration inhibit failure set delay pt dcreginhilo regeneration inhibit supervision enabled dc line current valid less pi dcreginhlo integrated accumulated dc line current pi dcreginhloacc time delayconsequence soft shutdown initiated minimum time pt dcreginhsfsdmn 3 faults detected within 30 minutes dc link isolated event indicated fault reset psw restart,c141,r22,0.83,0.17000000000000004
regeneration inhibited traction effort reduced within 5 seconds according linear function event line inductor high temperature indicated line inductor temperature exceeds param c,gap detection indicationthe fast line interruption function dcu dsp used detected gaps gaps ideally detected fast possible avoid high transients arcing line interruption function refer chapter line interruption uses dc link voltage measurement absolute value derivative fast slow detection detect gap gap detected one mcms positive torque inhibited jerk limitation used backup braking entered keep apu operation gap indication set hscb closed avoid indication hscb opened reasons zero line current detectionstatus zero line current set line current within parameterised values time delay test real gapthe mcm activate brake chopper zero line current detected test gap activation brake chopper set backup braking activated maximum time brake chopper activation allowed mcm operation speed defined backup braking speed level backup braking activated zero line current detection chopper activated gap detected zero line current backup braking activated dc link voltage falls 360v protective shutdown open hscb immediately protect inrush currents gap exit dead section detectionthe dead section detection function measure distance braking regeneration line detected regeneration defined lower 80 upper 20 bound line current function start measuring distance dc line voltage certain level level depend whether train lines rheostatic braking regeneration level high set distance regeneration greater 50 regeneration operation activated regeneration operation active minimum drawn current mcm set 10 regeneration operation active 150 least length 8 cars timeout 2 distance reached hscb opened train standstill regeneration operation deactivated,c99,r23,0.88,0.12
soft shutdown performed event line inductor temperature indicated line inductor temperature exceeds param c soft shutdown reset line inductor temperature falls param c converter isolated temperature detected 3 times within 30 minutes fault reset psw restart,unwarranted regenerationregeneration inhibit supervision enabled line voltage outside allowed range regenerative braking line voltage 400 v maximum voltage maximum voltage depends train lines set rheostatic braking train line set 650 v without rheostatic braking without regeneration level select set 800 v without rheostatic braking regeneration level select set 900 vsoft shutdown initiated event dc line regeneration inhibit failure set delay pt dcreginhilo regeneration inhibit supervision enabled dc line current valid less pi dcreginhlo integrated accumulated dc line current pi dcreginhloacc time delayconsequence soft shutdown initiated minimum time pt dcreginhsfsdmn 3 faults detected within 30 minutes dc link isolated event indicated fault reset psw restart,c141,r24,0.85,0.15000000000000002
total brake effort dc link reduced according linear function event high brake chopper semiconductor temperature indicated max value brake chopper semiconductor temperatures converter box exceeds param c,gap detection indicationthe fast line interruption function dcu dsp used detected gaps gaps ideally detected fast possible avoid high transients arcing line interruption function refer chapter line interruption uses dc link voltage measurement absolute value derivative fast slow detection detect gap gap detected one mcms positive torque inhibited jerk limitation used backup braking entered keep apu operation gap indication set hscb closed avoid indication hscb opened reasons zero line current detectionstatus zero line current set line current within parameterised values time delay test real gapthe mcm activate brake chopper zero line current detected test gap activation brake chopper set backup braking activated maximum time brake chopper activation allowed mcm operation speed defined backup braking speed level backup braking activated zero line current detection chopper activated gap detected zero line current backup braking activated dc link voltage falls 360v protective shutdown open hscb immediately protect inrush currents gap exit dead section detectionthe dead section detection function measure distance braking regeneration line detected regeneration defined lower 80 upper 20 bound line current function start measuring distance dc line voltage certain level level depend whether train lines rheostatic braking regeneration level high set distance regeneration greater 50 regeneration operation activated regeneration operation active minimum drawn current mcm set 10 regeneration operation active 150 least length 8 cars timeout 2 distance reached hscb opened train standstill regeneration operation deactivated,c99,r25,0.83,0.17000000000000004
total brake effort dc link reduced according linear function event high brake resistor temperature indicated max value brake resistor temperatures converter box exceeds param c,limitation curve held psw curve dcu used output function minimum load weighted brake effort load weight compensation function maximum per mcm maximum value achieved brake effort initially set 38 13kn configurable,c73,r26,0.84,0.16000000000000003
least one working ovp tested every time dc link charged ovp units detected faulty test repeated three times thereafter dc link isolated fault reset psw restart,two ovp use one unavailable unavailable ovp isolated ovp considered unavailable corresponding dcu isolated blocked due dc link voltage measurement failure communication faultif none ovps dc link available neither ovps commanded isolated central line one ovp dc link therefore isolate ovp,c18,r27,0.83,0.17000000000000004
least one working ovp tested every time dc link charged ovp units detected faulty test repeated three times thereafter dc link isolated fault reset psw restart,two ovp use one unavailable unavailable ovp isolated ovp considered unavailable corresponding dcu isolated blocked due dc link voltage measurement failure communication faultif none ovps dc link available neither ovps commanded isolated central line one ovp dc link therefore isolate ovp,c18,r28,0.83,0.17000000000000004
charge dc link dc mode charging contactor used charge dc link connecting dc line voltage dc link via charging resistor charging contactor closed charging sequence dc link separation contactor used connect separate dc link dc line charging sequence dc link voltage rising param v within maximum charging time param closing separation contactor,dc link voltage used line voltage measured line voltage valid measured dc link voltage transformed dc line voltage calculating voltage drop line inductor prioritize dc link voltage following order 1 estimated dc line voltage dc link voltage mcm1 valid 2 estimated dc line voltage dc link voltage mcm2 valid 3 estimated dc line voltage dc link voltage apu dc link voltage apu valid hscb inhibited close valid line voltage measured estimated,c100,r29,0.88,0.12
charging contactor break current opened separation contactor closed minimum time separation contactor open close order least 1500 ms,hscb open required safety reason testing openings hscb circumstances closed hscb minimum opening time elapsed hscb hold order immediately removed following conditions occurs hscb closed hscb closed indicates hscb opened another function requires opening hscb open hscb line voltage less 400 v least configurable initially set 5 line voltage 1000 v configurable initially set 200 ms shed switch shed position normal operating conditions current draw reduced zero low reasonably practicable hscb open practice overvoltage short transients shorter 200 ms handled ovp line voltage relay provide information voltage voltage back 1000 v hscb reason closed minimum hscb minimum opening time 2s elapsed backup braking undervoltage case keep line voltage 400 v allowed backup braking time line voltage might drop hscb case opened almost immediately line voltage relay set high lower value 400 v unlikely line voltage kept range line voltage relay level 400 v hscb reason closed line voltage relay indicates line voltage hscb close open due line voltage hscb minimum voltage opening time elapsed hscb reclosed detected level 1 earth fault isolation due repeated level 2 earth faults,c32,r30,0.83,0.17000000000000004
soft shutdown performed event indicated charging contactor close order feedback differ param converter isolated failure detected 3 times within 30 minutes fault reset psw restart,unwarranted regenerationregeneration inhibit supervision enabled line voltage outside allowed range regenerative braking line voltage 400 v maximum voltage maximum voltage depends train lines set rheostatic braking train line set 650 v without rheostatic braking without regeneration level select set 800 v without rheostatic braking regeneration level select set 900 vsoft shutdown initiated event dc line regeneration inhibit failure set delay pt dcreginhilo regeneration inhibit supervision enabled dc line current valid less pi dcreginhlo integrated accumulated dc line current pi dcreginhloacc time delayconsequence soft shutdown initiated minimum time pt dcreginhsfsdmn 3 faults detected within 30 minutes dc link isolated event indicated fault reset psw restart,c141,r31,0.84,0.16000000000000003
protective shutdown performed event indicated charging contactor opening order feedback differ param converter isolated failure detected 3 times within 30 minutes fault reset psw restart,unwarranted regenerationregeneration inhibit supervision enabled line voltage outside allowed range regenerative braking line voltage 400 v maximum voltage maximum voltage depends train lines set rheostatic braking train line set 650 v without rheostatic braking without regeneration level select set 800 v without rheostatic braking regeneration level select set 900 vsoft shutdown initiated event dc line regeneration inhibit failure set delay pt dcreginhilo regeneration inhibit supervision enabled dc line current valid less pi dcreginhlo integrated accumulated dc line current pi dcreginhloacc time delayconsequence soft shutdown initiated minimum time pt dcreginhsfsdmn 3 faults detected within 30 minutes dc link isolated event indicated fault reset psw restart,c141,r32,0.84,0.16000000000000003
protective shutdown performed event indicated charging contactor inhibited open due high line circuit current,gap detection indicationthe fast line interruption function dcu dsp used detected gaps gaps ideally detected fast possible avoid high transients arcing line interruption function refer chapter line interruption uses dc link voltage measurement absolute value derivative fast slow detection detect gap gap detected one mcms positive torque inhibited jerk limitation used backup braking entered keep apu operation gap indication set hscb closed avoid indication hscb opened reasons zero line current detectionstatus zero line current set line current within parameterised values time delay test real gapthe mcm activate brake chopper zero line current detected test gap activation brake chopper set backup braking activated maximum time brake chopper activation allowed mcm operation speed defined backup braking speed level backup braking activated zero line current detection chopper activated gap detected zero line current backup braking activated dc link voltage falls 360v protective shutdown open hscb immediately protect inrush currents gap exit dead section detectionthe dead section detection function measure distance braking regeneration line detected regeneration defined lower 80 upper 20 bound line current function start measuring distance dc line voltage certain level level depend whether train lines rheostatic braking regeneration level high set distance regeneration greater 50 regeneration operation activated regeneration operation active minimum drawn current mcm set 10 regeneration operation active 150 least length 8 cars timeout 2 distance reached hscb opened train standstill regeneration operation deactivated,c99,r33,0.83,0.17000000000000004
charging contactor open lcb inhibited close,voltage current sensors converter dc offset calibrated converter activated done startup dcu dcu start open separation charging contactors mcm calibrate dc link voltage dc link current phase current sensorswhen shed supply switch track position inhibit close hscb close separation contactors calibrate line voltage line current sensors mcm1 removes remaining dc line voltagethe self test activated sensor calibration,c3,r34,0.71,0.29000000000000004
protective shutdown performed event indicated separation contactor opening order feedback differ certain time converter isolated failure detected 3 times within 30 minutes fault reset psw restart,unwarranted regenerationregeneration inhibit supervision enabled line voltage outside allowed range regenerative braking line voltage 400 v maximum voltage maximum voltage depends train lines set rheostatic braking train line set 650 v without rheostatic braking without regeneration level select set 800 v without rheostatic braking regeneration level select set 900 vsoft shutdown initiated event dc line regeneration inhibit failure set delay pt dcreginhilo regeneration inhibit supervision enabled dc line current valid less pi dcreginhlo integrated accumulated dc line current pi dcreginhloacc time delayconsequence soft shutdown initiated minimum time pt dcreginhsfsdmn 3 faults detected within 30 minutes dc link isolated event indicated fault reset psw restart,c141,r35,0.84,0.16000000000000003
separation contactor open lcb inhibited close,earth fault high voltage earth fault remains apu mcm converters blocked open separation contactors earth fault likely located high voltage cable line inductors compressor soft shutdown performed event earth fault high voltage compressor contactor open earth fault high voltage compressor compressor contactor closed indicated earth fault remains apu mcm converters blocked open separation contactors propulsion isolated failure detected 3 times within 30 minutes,c13,r36,0.71,0.29000000000000004
protective shutdown performed event indicated separation contactor inhibited open due high line circuit current,gap detection indicationthe fast line interruption function dcu dsp used detected gaps gaps ideally detected fast possible avoid high transients arcing line interruption function refer chapter line interruption uses dc link voltage measurement absolute value derivative fast slow detection detect gap gap detected one mcms positive torque inhibited jerk limitation used backup braking entered keep apu operation gap indication set hscb closed avoid indication hscb opened reasons zero line current detectionstatus zero line current set line current within parameterised values time delay test real gapthe mcm activate brake chopper zero line current detected test gap activation brake chopper set backup braking activated maximum time brake chopper activation allowed mcm operation speed defined backup braking speed level backup braking activated zero line current detection chopper activated gap detected zero line current backup braking activated dc link voltage falls 360v protective shutdown open hscb immediately protect inrush currents gap exit dead section detectionthe dead section detection function measure distance braking regeneration line detected regeneration defined lower 80 upper 20 bound line current function start measuring distance dc line voltage certain level level depend whether train lines rheostatic braking regeneration level high set distance regeneration greater 50 regeneration operation activated regeneration operation active minimum drawn current mcm set 10 regeneration operation active 150 least length 8 cars timeout 2 distance reached hscb opened train standstill regeneration operation deactivated,c99,r37,0.83,0.17000000000000004
discharge dc link charging separation contactors opened discharge dc link ovp fired certain period time capacitors discharges within 10 seconds level 60 volts,passive discharge tested annually frequently test passive discharge dc link passively discharged nominal dc link voltage certain level certain time necessary perform test way 50v test performed traction test dc link discharged fast indicates faulty capacitance dc link dc link discharged slow indicates faulty discharging resistor,c15,r38,0.84,0.16000000000000003
protective shutdown performed event indicated dc link voltage charging rise certain level within certain time converter isolated failure detected 3 times within 30 minutes fault reset,unwarranted regenerationregeneration inhibit supervision enabled line voltage outside allowed range regenerative braking line voltage 400 v maximum voltage maximum voltage depends train lines set rheostatic braking train line set 650 v without rheostatic braking without regeneration level select set 800 v without rheostatic braking regeneration level select set 900 vsoft shutdown initiated event dc line regeneration inhibit failure set delay pt dcreginhilo regeneration inhibit supervision enabled dc line current valid less pi dcreginhlo integrated accumulated dc line current pi dcreginhloacc time delayconsequence soft shutdown initiated minimum time pt dcreginhsfsdmn 3 faults detected within 30 minutes dc link isolated event indicated fault reset psw restart,c141,r39,0.86,0.14
protective shutdown performed event indicated dc link discharged dc link voltage decrease param v,passive discharge tested annually frequently test passive discharge dc link passively discharged nominal dc link voltage certain level certain time necessary perform test way 50v test performed traction test dc link discharged fast indicates faulty capacitance dc link dc link discharged slow indicates faulty discharging resistor,c15,r40,0.83,0.17000000000000004
charging resistor temperature calculated based either actual dc link current available dv dt according dcu2 function used today ensure function valid even current sensor mounted acms case dc link current sensor available case udc increasing short circuit dc link current sensor value used energy calculation instead fixed energy used today model function dc link current sensor ensure external problems like lcb opening line voltage drop result faulty calculated temperature case dc link current sensor todays dcu2 function energy calculation used charging inhibited overtemperature expected due estimated charging resistor temperature start charging,voltage current sensors converter dc offset calibrated converter activated done startup dcu dcu start open separation charging contactors mcm calibrate dc link voltage dc link current phase current sensorswhen shed supply switch track position inhibit close hscb close separation contactors calibrate line voltage line current sensors mcm1 removes remaining dc line voltagethe self test activated sensor calibration,c3,r41,0.89,0.10999999999999999
vehicle speed valid train speed acquired tcms,speed inputs create unit speed axle driven speeds 2 car unit braking coasting start train local vehicle speed calculated second highest valid axle speed signals traction local vehicle speed calculated second lowest valid axle speed signals,c122,r42,0.84,0.16000000000000003
vehicle speed set vehicle speed calculated tcms vehicle speed signal tcms valid,speed inputs create unit speed axle driven speeds 2 car unit braking coasting start train local vehicle speed calculated second highest valid axle speed signals traction local vehicle speed calculated second lowest valid axle speed signals,c122,r43,0.87,0.13
tcms signal valid vehicle speed locally calculated based axle speed signals motor converter control unit braking coasting start train local vehicle speed calculated second highest valid axle speed signals traction local vehicle speed calculated second lowest valid axle speed signals highest respectively lowest axle speed used speed signals valid,speed inputs create unit speed axle driven speeds 2 car unit braking coasting start train local vehicle speed calculated second highest valid axle speed signals traction local vehicle speed calculated second lowest valid axle speed signals,c122,r44,0.98,0.020000000000000018
local vehicle speed calculated wheel speed set invalid event wheel speed faulty indicated axle speed signals invalid,vehicle speed set invalid event vehicle speed faulty indicated axle speeds invalid,c123,r45,0.95,0.050000000000000044
standstill status set standstill detected tcms vehicle speed signal tcms valid local vehicle speed valid 0 2 km h vehicle speed signal tcms invalid,standstill status set unit vehicle speed valid 0 2 km h,c124,r46,0.87,0.13
wheel diameter calibration enabled 3 delay following conditions vehicle speed calculation valid calibrated speed valid traction braking effort reference relative reference less 5 traction braking effort reference absolute value less 5 kn emergency brake activated friction brake applied vehicle speed derivative less 0 5 km h slip slide active 60 enable wheel diamater calibration set tcms,wheel diameter calibration enabled 3 delay following conditions vehicle speed calculation valid fast increase brake effort activated traction braking effort reference relative reference less tractive brake effort limitation px encalwhdmfma traction braking effort reference absolute value less tractive brake effort limitation pe encalwhdmfma vehicle speed greater speed level function maximum wheel speed error axles specified figure large difference allows calibration lower speed slip slide active time pt encalwhdmss maximum wheel speed difference high reference speed wheel diameter calibration valid reference speed derivate within speed derivative limitation p encalwhdmderl,c126,r47,0.94,0.06000000000000005
wheel diameter calibration disabled low vehicle speed depending maximum wheel speed error axles large difference allows calibration lower speed figure enable wheel speed calibration function max wheel speed error,wheel diameter calibration disabled low vehicle speed depending maximum wheel speed error axles large difference allows calibration lower speed figure enable wheel speed calibration function max wheel speed error levels parameterized,c125,r48,1.0,0.0
wheel diameter calibration enabled event calibrated speed faulty indicated calibrated speed valid,event speed calibration needed indicated delay maximum wheel speed difference motor axles high slip detected,c128,r49,0.85,0.15000000000000002
wheel diameter calibration enabled event difference calibrated vehicle speed indicated difference calibrated speed vehicle speed greater 10 km h,wheel diameter calibration disabled low vehicle speed depending maximum wheel speed error axles large difference allows calibration lower speed figure enable wheel speed calibration function max wheel speed error levels parameterized,c125,r50,0.89,0.10999999999999999
event speed calibration needed indicated delay maximum wheel speed difference motor axles high slip detected,event speed calibration needed indicated delay maximum wheel speed difference motor axles high slip detected,c128,r51,1.0,0.0
traction backup mode possible activate propulsion operate train restricted speed without mvb communication tcms implies vital propulsion function controlled via train lines including mcm activation traction reference mechanical brake forward backward drive direction,requested traction brake command selected explicitly train control via two binary commands traction braking arithmetical traction braking effort reference interpreted pwm signal pwm effort demand train lines likely synchronised transition traction brake brake traction smooth transition internal propulsion transition delayed compared train line mode switch occur calculated effort reference zero ramping towards zero done jerk rate new mode continue ramp towards pwm demanded effort jerk rate,c109,r52,0.88,0.12
dc selected tractive effort limited function dc link voltage according figure dc selected tractive effort set y1 corresponds max available tractive effort increasing decreasing limitation limited time ramp figure tractive effort limitation due high dc link voltage,shed receptacle connected psw set dynamic brake reference zero braking handled friction brake since achieved dynamic brake sent brake decoders car zero supplied shed supply tractive effort 0kn 10km h absolute maximum tractive effort applied given speed speed limited according tractive effort curve way never exceeds given current draw limit see table,c74,r53,0.85,0.15000000000000002
regeneration dc line current inhibited due dc line inductor temperature high param dc regeneration inhibit due low dc line voltage param dc regeneration inhibit due high dc line voltage param,dc link voltage used line voltage measured line voltage valid measured dc link voltage transformed dc line voltage calculating voltage drop line inductor prioritize dc link voltage following order 1 estimated dc line voltage dc link voltage mcm1 valid 2 estimated dc line voltage dc link voltage mcm2 valid 3 estimated dc line voltage dc link voltage apu dc link voltage apu valid hscb inhibited close valid line voltage measured estimated,c100,r54,0.85,0.15000000000000002
soft shutdown initiated event dc line regeneration inhibit failure set regeneration inhibited integrated accumulated dc line current param 3 faults detected within 30 minutes dc link isolated event indicated fault reset psw restart,unwarranted regenerationregeneration inhibit supervision enabled line voltage outside allowed range regenerative braking line voltage 400 v maximum voltage maximum voltage depends train lines set rheostatic braking train line set 650 v without rheostatic braking without regeneration level select set 800 v without rheostatic braking regeneration level select set 900 vsoft shutdown initiated event dc line regeneration inhibit failure set delay pt dcreginhilo regeneration inhibit supervision enabled dc line current valid less pi dcreginhlo integrated accumulated dc line current pi dcreginhloacc time delayconsequence soft shutdown initiated minimum time pt dcreginhsfsdmn 3 faults detected within 30 minutes dc link isolated event indicated fault reset psw restart,c141,r55,0.9,0.09999999999999998
dc link current braking controlled maximum dc line regenerated current negative dc line current limited according lowest negative value dc line current limitation braking function dc line voltage,dc link voltage used line voltage measured line voltage valid measured dc link voltage transformed dc line voltage calculating voltage drop line inductor prioritize dc link voltage following order 1 estimated dc line voltage dc link voltage mcm1 valid 2 estimated dc line voltage dc link voltage mcm2 valid 3 estimated dc line voltage dc link voltage apu dc link voltage apu valid hscb inhibited close valid line voltage measured estimated,c100,r56,0.87,0.13
allowed maximum current per dc link calculated respect maximum allowed line current per dc link actual acm power acm power subtracted braking allowed maximum current divided active motor converters connected actual dc link offset compensation dc links tractive brake effort reference limited due maximal ac line current maximum allowed power per motor converter regulated offset error measured line current maximal line current reference within offset parameter set sufficient high level avoid influences different dc links closed loop control line current measurement segment one dc link working master regulate offset error measured line current maximal line current reference towards zero,measured currents current limit per mcm calculated psw distributed two mcms regulate line current mcm current limited dissipating excessive braking power brake choppers limiting brake effort brake chopper reached limitations total line current regenerated line 2 car unit including auxiliaries exceed 1000a current line inductors limited 530a figure shows available current measurement positions function,c120,r57,0.92,0.07999999999999996
dc line regeneration inhibited within 100 ms fulfilling jerk rate requirements dc line voltage param,unwarranted regenerationregeneration inhibit supervision enabled line voltage outside allowed range regenerative braking line voltage 400 v maximum voltage maximum voltage depends train lines set rheostatic braking train line set 650 v without rheostatic braking without regeneration level select set 800 v without rheostatic braking regeneration level select set 900 vsoft shutdown initiated event dc line regeneration inhibit failure set delay pt dcreginhilo regeneration inhibit supervision enabled dc line current valid less pi dcreginhlo integrated accumulated dc line current pi dcreginhloacc time delayconsequence soft shutdown initiated minimum time pt dcreginhsfsdmn 3 faults detected within 30 minutes dc link isolated event indicated fault reset psw restart,c141,r58,0.83,0.17000000000000004
dc link current traction controlled maximum dc line current limited according lowest value max allowed dc line current traction due line voltage max allowed dc line current reference tcms,measured currents current limit per mcm calculated psw distributed two mcms regulate line current mcm current controlled limiting tractive effort total line current draw defined motor current select 2 car unit including auxiliaries exceed 875a motoring current select hardwired input false 1000a motoring current select hardwired input true current line inductors limited 530athe figure shows available current measurement positions function,c77,r59,0.87,0.13
allowed maximum current per dc link calculated respect maximum allowed line current per dc link actual acm power acm power subtracted traction allowed maximum current divided active motor converters connected actual dc link offset compensation dc links tractive brake effort reference limited due maximal ac line current maximum allowed power per motor converter regulated offset error measured line current maximal line current reference within offset parameter set sufficient high level avoid influences different dc links closed loop control line current measurement segment one dc link working master regulate offset error measured line current maximal line current reference towards zero,measured currents current limit per mcm calculated psw distributed two mcms regulate line current mcm current limited dissipating excessive braking power brake choppers limiting brake effort brake chopper reached limitations total line current regenerated line 2 car unit including auxiliaries exceed 1000a current line inductors limited 530a figure shows available current measurement positions function,c120,r60,0.92,0.07999999999999996
maximum tractive effort per mcm limited function vehicle speed defined linear interpolation 15 points according table table maximum tractive effort per mcm,maximum tractive effort per mcm limited function vehicle speed according following table figure table speed te per mcm,c112,r61,0.94,0.06000000000000005
maximum electrodynamic braking effort per mcm limited function vehicle speed defined linear interpolation 15 points according table table maximum electrodynamic braking effort per mcm,maximum tractive effort per mcm limited function vehicle speed according following table figure table speed te per mcm,c112,r62,0.91,0.08999999999999997
optional temperature cycling igbts limited traction effort reference limited 50 start standstill minimum vehicle speed parameter limitation removed minimum vehicle speed reached within time delay traction command set within time delay pneumatic brake released vehicle speed less 1 km h braking effort reference limited 50 braking maximal vehicle speed parameter standstill,wheel diameter calibration enabled 3 delay following conditions vehicle speed calculation valid fast increase brake effort activated traction braking effort reference relative reference less tractive brake effort limitation px encalwhdmfma traction braking effort reference absolute value less tractive brake effort limitation pe encalwhdmfma vehicle speed greater speed level function maximum wheel speed error axles specified figure large difference allows calibration lower speed slip slide active time pt encalwhdmss maximum wheel speed difference high reference speed wheel diameter calibration valid reference speed derivate within speed derivative limitation p encalwhdmderl,c126,r63,0.92,0.07999999999999996
event tractive test failure indicated mcm switching test line converter auxiliary converter motor converters activated achieved tractive effort within allowed limits,event tractive test failure indicated mcm switching test auxiliary converter motor converters activated,c49,r64,0.94,0.06000000000000005
event line trip test failure indicated line trip relays opened test,event line trip test failure indicated line trip relays opened test,c51,r65,1.0,0.0
event earth fault measurement failure indicated earth fault detected earth fault test,event earth fault measurement failure indicated earth fault detected earth fault detection test,c50,r66,0.99,0.010000000000000009
via maintenance interface via test command tcms possible test propulsion possible perform test manually individual components possible perform test automatic sequence possible perform test without activated high voltage table propulsion test,traction test progress sent tms test started kept high test finished failed passed traction test communicated tms status signal event set tds table test performed activating deactivation high voltage,c48,r67,0.81,0.18999999999999995
discharged resistor test performed every time manual test initiated corresponding automatic test performed n th day specified requirement discharge resistor supervision,discharged resistor test performed every time traction test initiated corresponding traction test performed 34 th day meet requirement discharging resistor test,c44,r68,0.94,0.06000000000000005
propulsion control able run power circuit test mode,self test performed day entering ready state test take longer two minutes complete start self test propulsion powered apu ordered start overload aux set dc link charged emergency brake applied train speed 3 km hemergency brake connected traction safe input,c52,r69,0.79,0.20999999999999996
high voltage activated high voltage enabled tcms,method thought beneficial limit dust build external air cooling ducts periodically activate external fan high speed thought normal service high speed mode external fan used much low speed gives sufficient cooling high speed activated certain conditions loose dust might blown cooling mentioned function would activated towards higher vehicle speeds done limit noise impact also time counter implemented keep track time since high speed fan activation time reaches certain value vehicle speed limit fans activated also possible manually activate function tms use ip interface laptop connected propulsion maintenance port manually activation trig positive transition activation signal activated time automated activation regardless long time signal kept high,c103,r70,0.7,0.30000000000000004
event indicated line voltage considered detected dc lcb separation contactor closed dc link charged,dc link voltage used line voltage measured line voltage valid measured dc link voltage transformed dc line voltage calculating voltage drop line inductor prioritize dc link voltage following order 1 estimated dc line voltage dc link voltage mcm1 valid 2 estimated dc line voltage dc link voltage mcm2 valid 3 estimated dc line voltage dc link voltage apu dc link voltage apu valid hscb inhibited close valid line voltage measured estimated,c100,r71,0.85,0.15000000000000002
lcb opened event emergency stop activated indicated emergency stop signal detected,receipt overload trip test signal psw stops motoring dynamic braking immediately stops operation open sc enters soft shutdown state,c12,r72,0.74,0.26
manual dc selector switch three positions switch supervised via two binary inputs status code 1 2 position change delayed param seconds decoded table dc selector,following configurable parameters supported high motoring jerk limit 1 parameter low motoring jerk limit 1 parameter braking jerk limit 1 parameter four data pairs representing interpretation five pwm signals 40 parameters time confirm emergency brake demand valid 1 parameter time confirm locally feed train line valid 1 parameter time confirm train line valid 1 parameter speed initiates end stop brake blend 1 parameter distance voltage level open hscb braking regeneration 2 parameters time opening hscb line voltage drops 400v 1 parameter time opening hscb line voltage exceeds 1000v 1 parameter specific tractive effort curve 20 data pairs 40 parameters default performance profile consisting table less 3 data pairs 6 parameters configurable dust cleaner use external fan 3 parameters configurable dust cleaner use brake resistor fan 3 parameters battery supervision 3 parameters backup braking speed 2 parameters motor warning temperature levels 2 parameters shoe cable protection 2 parametersin total 112 parameters,c86,r73,0.8,0.19999999999999996
lcb allowed close dc selector switch position cut,converter stopped event indicated converter manually cutout setting local parameter cut mcm stop open charging separation contactors dc link still allowed charged uphold dc link voltage mixed traction cut propulsion control traction cut switch fitted seat bay 1 9 c c cars operated isolates following inputs psw unit overload aux set overload trip test motor actuate brake actuate traction test train protected forward reverse,c2,r74,0.79,0.20999999999999996
dc lcb opened dc link discharged high voltage inhibited train standstill dc selector switch position cut event dc selector switch position cut indicated dc selector switch position cut,converter stopped event indicated converter manually cutout setting local parameter cut mcm stop open charging separation contactors dc link still allowed charged uphold dc link voltage mixed traction cut propulsion control traction cut switch fitted seat bay 1 9 c c cars operated isolates following inputs psw unit overload aux set overload trip test motor actuate brake actuate traction test train protected forward reverse,c2,r75,0.83,0.17000000000000004
dc lcb opened dc link discharged high voltage inhibited train standstill dc selector switch valid position event dc selector switch plausibility error indicated dc selector switch valid position,voltage current sensors converter dc offset calibrated converter activated done startup dcu dcu start open separation charging contactors mcm calibrate dc link voltage dc link current phase current sensorswhen shed supply switch track position inhibit close hscb close separation contactors calibrate line voltage line current sensors mcm1 removes remaining dc line voltagethe self test activated sensor calibration,c3,r76,0.83,0.17000000000000004
dc lcb opened dc selector switch cover closed event dc selector switch cover opened indicated cover open high voltage enabled e lcb allowed close,converter stopped event indicated converter manually cutout setting local parameter cut mcm stop open charging separation contactors dc link still allowed charged uphold dc link voltage mixed traction cut propulsion control traction cut switch fitted seat bay 1 9 c c cars operated isolates following inputs psw unit overload aux set overload trip test motor actuate brake actuate traction test train protected forward reverse,c2,r77,0.8,0.19999999999999996
dc lcb opened shed supply cover closed event shed supply cover opened indicated cover open high voltage enabled e lcb allowed close,hscb open required safety reason testing openings hscb circumstances closed hscb minimum opening time elapsed hscb hold order immediately removed following conditions occurs hscb closed hscb closed indicates hscb opened another function requires opening hscb open hscb line voltage less 400 v least configurable initially set 5 line voltage 1000 v configurable initially set 200 ms shed switch shed position normal operating conditions current draw reduced zero low reasonably practicable hscb open practice overvoltage short transients shorter 200 ms handled ovp line voltage relay provide information voltage voltage back 1000 v hscb reason closed minimum hscb minimum opening time 2s elapsed backup braking undervoltage case keep line voltage 400 v allowed backup braking time line voltage might drop hscb case opened almost immediately line voltage relay set high lower value 400 v unlikely line voltage kept range line voltage relay level 400 v hscb reason closed line voltage relay indicates line voltage hscb close open due line voltage hscb minimum voltage opening time elapsed hscb reclosed detected level 1 earth fault isolation due repeated level 2 earth faults,c32,r78,0.77,0.22999999999999998
lcb opened request tcms,fault led isolation converter possible reset reset isolation done maintenance staff dedicated menu driver desk connecting propulsion maintenance port reset request passed psw dcu ms apu mvb,c21,r79,0.51,0.49
lcb closed request tcms line voltage detected interlocking present,hscb opened configurable distance backup braking make sure line voltage raised case disconnected substations distance exceeded motor converters blocked hscb reclosed line voltage detected,c87,r80,0.76,0.24
optional lcb automatically closed opening due temporary protective shutdown,event hscb closed close order set positive edge hscb closed feedback close order given consequence command protective shutdown,c39,r81,0.71,0.29000000000000004
order close lcb close hold signal sent lcb time hold order set long lcb closed close order pulse param seconds,hold order hscb hscb hold order set soon following conditions set overload aux set true note pushbutton signal pulsed 64 ms needs latch line voltage relay true traction isolated hscb hscb indicate open position none opening conditions set hscbs reclosed within 200 ms following return line voltage range 400 1000 v e line voltage relay active voltage excursion conditions hscb closure met hold order set line trip chain unbroken hscb hold order feedback set hscb hold feedback positive edge hold order feedback close order pulse hscb close order given max max close order length hscb closed hscb closed received,c30,r82,0.86,0.14
normal opening lcb delayed param allow motor converters reduce tractive braking effort lcb opened emergency cases lcb opened delay,unwarranted regenerationregeneration inhibit supervision enabled line voltage outside allowed range regenerative braking line voltage 400 v maximum voltage maximum voltage depends train lines set rheostatic braking train line set 650 v without rheostatic braking without regeneration level select set 800 v without rheostatic braking regeneration level select set 900 vsoft shutdown initiated event dc line regeneration inhibit failure set delay pt dcreginhilo regeneration inhibit supervision enabled dc line current valid less pi dcreginhlo integrated accumulated dc line current pi dcreginhloacc time delayconsequence soft shutdown initiated minimum time pt dcreginhsfsdmn 3 faults detected within 30 minutes dc link isolated event indicated fault reset psw restart,c141,r83,0.8,0.19999999999999996
lcb opened open least minimum time param allowed close,hscb open required safety reason testing openings hscb circumstances closed hscb minimum opening time elapsed hscb hold order immediately removed following conditions occurs hscb closed hscb closed indicates hscb opened another function requires opening hscb open hscb line voltage less 400 v least configurable initially set 5 line voltage 1000 v configurable initially set 200 ms shed switch shed position normal operating conditions current draw reduced zero low reasonably practicable hscb open practice overvoltage short transients shorter 200 ms handled ovp line voltage relay provide information voltage voltage back 1000 v hscb reason closed minimum hscb minimum opening time 2s elapsed backup braking undervoltage case keep line voltage 400 v allowed backup braking time line voltage might drop hscb case opened almost immediately line voltage relay set high lower value 400 v unlikely line voltage kept range line voltage relay level 400 v hscb reason closed line voltage relay indicates line voltage hscb close open due line voltage hscb minimum voltage opening time elapsed hscb reclosed detected level 1 earth fault isolation due repeated level 2 earth faults,c32,r84,0.77,0.22999999999999998
lcb close lcb opened event lcb close indicated lcb ordered hold lcb hold feedback received high voltage isolated many indications within time limit fault reset psw restart,event hscb opened faulty line trip set negative edge either hscb closed hscb closed hscb hold order feedback reset hscb hold order reset dcu ms protective shutdown hscb supervisionconsequence isolated many failures px lcbopfllntrpcnt detected within certain time period pt lcbopfllntrpwnd,c35,r85,0.82,0.18000000000000005
lcb open high voltage isolated reported tcms within 2 lower pantograph protective shutdown ordered event lcb open indicated lcb ordered open lcb hold feedback still received isolation set fault reset psw restart,unwarranted regenerationregeneration inhibit supervision enabled line voltage outside allowed range regenerative braking line voltage 400 v maximum voltage maximum voltage depends train lines set rheostatic braking train line set 650 v without rheostatic braking without regeneration level select set 800 v without rheostatic braking regeneration level select set 900 vsoft shutdown initiated event dc line regeneration inhibit failure set delay pt dcreginhilo regeneration inhibit supervision enabled dc line current valid less pi dcreginhlo integrated accumulated dc line current pi dcreginhloacc time delayconsequence soft shutdown initiated minimum time pt dcreginhsfsdmn 3 faults detected within 30 minutes dc link isolated event indicated fault reset psw restart,c141,r86,0.82,0.18000000000000005
lcb close without order protective shutdown initiated event lcb close without order indicated lcb hold feedback detected lcb hold order set high voltage isolated many indications within time limit fault reset psw restart,hold order hscb hscb hold order set soon following conditions set overload aux set true note pushbutton signal pulsed 64 ms needs latch line voltage relay true traction isolated hscb hscb indicate open position none opening conditions set hscbs reclosed within 200 ms following return line voltage range 400 1000 v e line voltage relay active voltage excursion conditions hscb closure met hold order set line trip chain unbroken hscb hold order feedback set hscb hold feedback positive edge hold order feedback close order pulse hscb close order given max max close order length hscb closed hscb closed received,c30,r87,0.86,0.14
lcb open without order lcb opened event possible line overcurrent detected lcb faulty indicated lcb hold feedback suddenly disappears lcb hold order high high voltage isolated many indications within time limit fault reset psw restart,unwarranted regenerationregeneration inhibit supervision enabled line voltage outside allowed range regenerative braking line voltage 400 v maximum voltage maximum voltage depends train lines set rheostatic braking train line set 650 v without rheostatic braking without regeneration level select set 800 v without rheostatic braking regeneration level select set 900 vsoft shutdown initiated event dc line regeneration inhibit failure set delay pt dcreginhilo regeneration inhibit supervision enabled dc line current valid less pi dcreginhlo integrated accumulated dc line current pi dcreginhloacc time delayconsequence soft shutdown initiated minimum time pt dcreginhsfsdmn 3 faults detected within 30 minutes dc link isolated event indicated fault reset psw restart,c141,r88,0.85,0.15000000000000002
fast shutdown fs blocks converter opens separation contactor digital output discharges dc link lcb remains closed fast shutdown sent control units one dc link order get reaction units simultaneously fast shutdown fs requested protective supervision within lcm mcm following actions done 1 blocking igbt connected related converters except ovp brake chopper igbt 2 open charging separation contactors except fs caused acm 3 discharge dc link separation contactors opened 4 open auxiliary load contactor 5 lcb remains closed 6 fast shutdown within lcm mcm sent units one dc link fs requested protective supervision within acm following actions done 1 blocking igbt connected related acm 2 open auxiliary load contactor,converter stopped event indicated converter manually cutout setting local parameter cut mcm stop open charging separation contactors dc link still allowed charged uphold dc link voltage mixed traction cut propulsion control traction cut switch fitted seat bay 1 9 c c cars operated isolates following inputs psw unit overload aux set overload trip test motor actuate brake actuate traction test train protected forward reverse,c2,r89,0.88,0.12
fast shutdown fs blocks converter opens separation contactor digital output discharges dc link lcb remains closed fast shutdown sent control units one dc link order get reaction units simultaneously fast shutdown fs requested protective supervision within lcm mcm following actions done 1 blocking igbt connected related converters except ovp brake chopper igbt 2 open charging separation contactors except fs caused acm 3 discharge dc link separation contactors opened 4 open auxiliary load contactor 5 lcb remains closed 6 fast shutdown within lcm mcm sent units one dc link fs requested protective supervision within acm following actions done 1 blocking igbt connected related acm 2 open auxiliary load contactor,converter stopped event indicated converter manually cutout setting local parameter cut mcm stop open charging separation contactors dc link still allowed charged uphold dc link voltage mixed traction cut propulsion control traction cut switch fitted seat bay 1 9 c c cars operated isolates following inputs psw unit overload aux set overload trip test motor actuate brake actuate traction test train protected forward reverse,c2,r90,0.88,0.12
fault status reported tcms propulsion dc link converter actual converter activated due faults set permanently fault reset psw restart,dcu apu converter indicate faulty actual converter activated due faults set permanently fault reset psw restarted,c16,r91,0.93,0.06999999999999995
state operation converters defined 1 3 computer initialization 4 dc link discharged 6 dc link charged 9 converter operation 10 stop operation 12 discharge dc link 20 39 protective states 31 converter isolated,achieved dynamic brake achieved dynamic brake c car achieved dynamic brake b careach pwm signal initially calculated 0 kn achieved braking effort represented pwm signal 5 10 38 13 kn achieved braking effort represented pwm signal 90 95 pwm signal considered invalid less 5 95 linearly scaled 10 90 pwm signal considered invalid less 5 95 four data pairs configurable pwm frequency set 488 hz,c64,r92,0.76,0.24
converter stopped event indicated converter manually cut either via command tcms via set local parameter cut mcm stop actual mcm cut mcm dc mode stop actual mcm open charging separation contactors dc link still allowed charged uphold dc link voltage cut acm stop actual acm,converter stopped event indicated converter manually cutout setting local parameter cut mcm stop open charging separation contactors dc link still allowed charged uphold dc link voltage mixed traction cut propulsion control traction cut switch fitted seat bay 1 9 c c cars operated isolates following inputs psw unit overload aux set overload trip test motor actuate brake actuate traction test train protected forward reverse,c2,r93,0.89,0.10999999999999999
voltage current sensors converter dc offset calibrated converter activated lcb opened converters stopped dc link discharged calibration ensure currents dc link actively discharged calibration ensure dc link voltage,voltage current sensors converter dc offset calibrated converter activated done startup dcu dcu start open separation charging contactors mcm calibrate dc link voltage dc link current phase current sensorswhen shed supply switch track position inhibit close hscb close separation contactors calibrate line voltage line current sensors mcm1 removes remaining dc line voltagethe self test activated sensor calibration,c3,r94,0.9,0.09999999999999998
brake chopper interlacing angle 0 360 degree calculated based many brake choppers use positions first used mcm 1 4 isolated brake chopper ovp set brake chopper interlacing master case motor converter includes two brake choppers interlacing angle 0 180 degree calculated primary brake chopper ovp1,converter stopped event indicated converter manually cutout setting local parameter cut mcm stop open charging separation contactors dc link still allowed charged uphold dc link voltage mixed traction cut propulsion control traction cut switch fitted seat bay 1 9 c c cars operated isolates following inputs psw unit overload aux set overload trip test motor actuate brake actuate traction test train protected forward reverse,c2,r95,0.8,0.19999999999999996
incoming power calculated dc link power udc idc outgoing power calculated sum mcm power acm power ovp brake chopper power dc link power balance supervision activated power signals incoming outgoing power valid soft shutdown performed event dc link power balance fault indicated absolute value difference incoming outgoing power 100 kw longer 3 dc link isolated failure detected 3 times within 30 minutes fault reset psw restart,unwarranted regenerationregeneration inhibit supervision enabled line voltage outside allowed range regenerative braking line voltage 400 v maximum voltage maximum voltage depends train lines set rheostatic braking train line set 650 v without rheostatic braking without regeneration level select set 800 v without rheostatic braking regeneration level select set 900 vsoft shutdown initiated event dc line regeneration inhibit failure set delay pt dcreginhilo regeneration inhibit supervision enabled dc line current valid less pi dcreginhlo integrated accumulated dc line current pi dcreginhloacc time delayconsequence soft shutdown initiated minimum time pt dcreginhsfsdmn 3 faults detected within 30 minutes dc link isolated event indicated fault reset psw restart,c141,r96,0.84,0.16000000000000003
faulty converter blocked event indicated converter measurement value differs median calculated value 100 v 1 faulty converter isolated 3 faults detected within 30 minutes fault reset psw restart,reduce risk wrong voltage protection failures dc link voltage measurement detected two mcm apu dc link voltages transformed line side line inductor converters charged plausibility check line voltage transformed dc link voltages detect identify faulty dc link voltage measurement converter blocked measured value differs calculated median value 50v 1 converter isolated 3 faults detected within 30 minutes,c19,r97,0.85,0.15000000000000002
least two converters least one converter including active ovp unit must valid dc link voltage measurement due requirement least one active overvoltage protection ovp fault indicated charge dc link inhibited within 10 seconds,two ovp use one unavailable unavailable ovp isolated ovp considered unavailable corresponding dcu isolated blocked due dc link voltage measurement failure communication faultif none ovps dc link available neither ovps commanded isolated central line one ovp dc link therefore isolate ovp,c18,r98,0.85,0.15000000000000002
passive discharge test used supervision dc link capacitance passive discharge resistor passive discharge tested part automatic train test every n th day parameter test passive discharge dc link passively discharged nominal dc link voltage certain level certain time necessary perform test way 50v soft shutdown initiated passive discharge rate fast indicating faulty capacitor dc link capacitor dc link isolated dc link capacitor test fails repeatedly fault reset event indicated test performed within n th days converter connected dc link blocked test performed within n parameter days,passive discharge tested annually frequently test passive discharge dc link passively discharged nominal dc link voltage certain level certain time necessary perform test way 50v test performed traction test dc link discharged fast indicates faulty capacitance dc link dc link discharged slow indicates faulty discharging resistor,c15,r99,0.97,0.030000000000000027
operation earth fault power chain detected including propulsion windings main transformer including stator windings traction motors including primary windings auxiliary power 3 phase transformer earth fault detected acm mcm converters temporarily blocked activation one converter module another possible locate earth fault earth fault located three phase load one converter modules converter module permanently blocked rest continue operation,single pole earth faultwhen single pole earth fault detected two mcms apu temporarily blocked open separation contactors activation one converter module another might possible locate earth fault single pole earth fault sequence start double pole earth fault detected single pole earth fault sequence start earth fault reported heating main heating contactor opened traction continue operate normal mode sequence single pole earth fault detection 200 ms block converters open separation contactors including apu arth fault active earth fault within converter stop sequence isolate propulsion start apu arth fault active earth fault within apu stop sequence isolate propulsion start mcm c car arth fault active earth fault within mcm c car isolate mcm c car start mcm b car arth fault active earth fault within mcm b car isolate mcm b carthe hscb opened earth fault still active converters blocked open separation contactors earth fault located apu whole unit isolated hscb kept closed support compressor heating earth fault located mcm dc link brake resistor three phase load one mcms mcm permanently isolated open separation contactors rest continue normal operation event single pole earth fault indicated single pole earth fault detected propulsion isolated single pole earth fault detected 5 times within 30 minutes,c20,r100,0.9,0.09999999999999998
earth fault high voltage dc lcb earth fault detected dc lcb closed charging separation contactors open earth fault cabling dc lcb dc link charging circuit dc lcb opened event earth fault high voltage indicated earth fault detected dc lcb closed charging separation contactors open dc lcb isolated failure detected 3 times within 30 minutes fault reset,earth fault high voltage earth fault remains apu mcm converters blocked open separation contactors earth fault likely located high voltage cable line inductors compressor soft shutdown performed event earth fault high voltage compressor contactor open earth fault high voltage compressor compressor contactor closed indicated earth fault remains apu mcm converters blocked open separation contactors propulsion isolated failure detected 3 times within 30 minutes,c13,r101,0.87,0.13
earth fault dc link earth fault remains converters blocked earth fault located dc link high voltage cable soft shutdown performed event earth fault dc link indicated earth fault remains converters blocked propulsion isolated failure detected 3 times within 30 minutes fault reset,earth fault high voltage earth fault remains apu mcm converters blocked open separation contactors earth fault likely located high voltage cable line inductors compressor soft shutdown performed event earth fault high voltage compressor contactor open earth fault high voltage compressor compressor contactor closed indicated earth fault remains apu mcm converters blocked open separation contactors propulsion isolated failure detected 3 times within 30 minutes,c13,r102,0.91,0.08999999999999997
earth fault mcm activation auxiliary converter motor converter activated order determine earth fault three phase output side converter earth fault detected motor converter isolated event earth fault mcm indicated fault reset,earth fault mcm activation apu earth fault detected mcms sequence restarted first charge mcm detect earth fault mcm dc link earth fault detected motor converter isolated event earth fault mcm dc link indicated charging motor converter activated determine earth fault three phase output side converter mcm motor cabling motor earth fault detected motor converter isolated event earth fault mcm indicated mcm isolated opening separation charging contactors time critical open contactors single pole earth fault,c10,r103,0.96,0.040000000000000036
propulsion control acquire status traction safe loop tcms event indicated status traction safe motor converter control unit differs status traction safe loop,traction safe fault supervised pswtraction safe failure indicated traction safe status two dcu differs,c6,r104,0.81,0.18999999999999995
propulsion control implement following protective actions priority order 1 protective shutdown 2 fast shutdown 3 soft shutdown 4a protective blocking chopper xccd 4b protective blocking phases xccd 5 single phase blocking fast blocking xccd 6 soft blocking mccd 7 lcb open psw 8 charge inhibit psw except protective blocking interrupting soft shutdown protective action higher priority lower number interrupt protective action lower priority higher number request protective blocking comes soft shutdown sequence blocking converter performed immediately e blocking performed fast soft shutdown sequence quit,gap detection indicationthe fast line interruption function dcu dsp used detected gaps gaps ideally detected fast possible avoid high transients arcing line interruption function refer chapter line interruption uses dc link voltage measurement absolute value derivative fast slow detection detect gap gap detected one mcms positive torque inhibited jerk limitation used backup braking entered keep apu operation gap indication set hscb closed avoid indication hscb opened reasons zero line current detectionstatus zero line current set line current within parameterised values time delay test real gapthe mcm activate brake chopper zero line current detected test gap activation brake chopper set backup braking activated maximum time brake chopper activation allowed mcm operation speed defined backup braking speed level backup braking activated zero line current detection chopper activated gap detected zero line current backup braking activated dc link voltage falls 360v protective shutdown open hscb immediately protect inrush currents gap exit dead section detectionthe dead section detection function measure distance braking regeneration line detected regeneration defined lower 80 upper 20 bound line current function start measuring distance dc line voltage certain level level depend whether train lines rheostatic braking regeneration level high set distance regeneration greater 50 regeneration operation activated regeneration operation active minimum drawn current mcm set 10 regeneration operation active 150 least length 8 cars timeout 2 distance reached hscb opened train standstill regeneration operation deactivated,c99,r105,0.79,0.20999999999999996
protective shutdown ps restrictive protective action since opening line trip chain hw forces lcb open ps used minimize damage critical situations short circuits high risk fire explosion protective action used situation critical way protect propulsion using actions reason ensure high degree availability protective shutdown requested following actions done blocking converter phases within 2 5 supervision via hw 1ms supervision via sw blocking converter phases connected dc link within 1ms separate faulty dc link supply opening separation contactor dc link current within limits else first open line circuit breaker separation contactor pm motor used open motor contactor discharge dc link one following states follow ps state states listed priority order isolation initialization discharge converter,gap detection indicationthe fast line interruption function dcu dsp used detected gaps gaps ideally detected fast possible avoid high transients arcing line interruption function refer chapter line interruption uses dc link voltage measurement absolute value derivative fast slow detection detect gap gap detected one mcms positive torque inhibited jerk limitation used backup braking entered keep apu operation gap indication set hscb closed avoid indication hscb opened reasons zero line current detectionstatus zero line current set line current within parameterised values time delay test real gapthe mcm activate brake chopper zero line current detected test gap activation brake chopper set backup braking activated maximum time brake chopper activation allowed mcm operation speed defined backup braking speed level backup braking activated zero line current detection chopper activated gap detected zero line current backup braking activated dc link voltage falls 360v protective shutdown open hscb immediately protect inrush currents gap exit dead section detectionthe dead section detection function measure distance braking regeneration line detected regeneration defined lower 80 upper 20 bound line current function start measuring distance dc line voltage certain level level depend whether train lines rheostatic braking regeneration level high set distance regeneration greater 50 regeneration operation activated regeneration operation active minimum drawn current mcm set 10 regeneration operation active 150 least length 8 cars timeout 2 distance reached hscb opened train standstill regeneration operation deactivated,c99,r106,0.89,0.10999999999999999
lcb opened protective shutdown initiated either converter control devices psw lcb opened via two paths via protective shutdown order converter control devices line trip sil2 safety related part via lcb open order high voltage control within psw basic integrity part,converter stopped event indicated converter manually cutout setting local parameter cut mcm stop open charging separation contactors dc link still allowed charged uphold dc link voltage mixed traction cut propulsion control traction cut switch fitted seat bay 1 9 c c cars operated isolates following inputs psw unit overload aux set overload trip test motor actuate brake actuate traction test train protected forward reverse,c2,r107,0.85,0.15000000000000002
minimize unneeded interruptions operation caused external disturbances transient faults supervised limits allowed number detections within time period failure becomes frequent related control unit performs dc link isolation request isolation following sequence executed related control unit 1 blocking converters connected dc link 2 open charging separation contactors 4 essential supervision state deactivated 5 unit keeps state isolation fault reset initiated restart control unit board reset isolation state,unwarranted regenerationregeneration inhibit supervision enabled line voltage outside allowed range regenerative braking line voltage 400 v maximum voltage maximum voltage depends train lines set rheostatic braking train line set 650 v without rheostatic braking without regeneration level select set 800 v without rheostatic braking regeneration level select set 900 vsoft shutdown initiated event dc line regeneration inhibit failure set delay pt dcreginhilo regeneration inhibit supervision enabled dc line current valid less pi dcreginhlo integrated accumulated dc line current pi dcreginhloacc time delayconsequence soft shutdown initiated minimum time pt dcreginhsfsdmn 3 faults detected within 30 minutes dc link isolated event indicated fault reset psw restart,c141,r108,0.86,0.14
dc lcb opened dc link discharged traction converter front cover closed event traction converter front cover opened indicated cover open high voltage enabled e lcb allowed close,converter stopped event indicated converter manually cutout setting local parameter cut mcm stop open charging separation contactors dc link still allowed charged uphold dc link voltage mixed traction cut propulsion control traction cut switch fitted seat bay 1 9 c c cars operated isolates following inputs psw unit overload aux set overload trip test motor actuate brake actuate traction test train protected forward reverse,c2,r109,0.84,0.16000000000000003
possible reduce brake power many brake choppers isolated,propulsion detect slide similar conditions wsp unit settings ensure traction slide control attempt correct slide wsp activates inhibits dynamic brake thresholds dynamic brake slide control need greater defined friction brake wsp normal conditions event slide wsp unit detect open contact prevent eventual brake inhibit signal reach brake decoder see figure slip sustained brake actuate line psw cut c car ordering dynamic brake effort reduced zero c b car wsp control slide rest stop using friction brake motors deactivated way four motors connected one mcm interfere wsp wsp available slide detected traction wsp addressed brake actuate signal still available showing wsp failed respond traction try address slide case brake inhibit signal set high relevant car ramp mechanical brake optimised dynamic brake slide control case used control slide without interference friction brake dynamic effort restored without slide occurring brake inhibit signal car set low friction brake effort allowed make full demanded brake effort following two seconds brake inhibit signal remained high four seconds indicating major problems arresting slide local brake decoder begin ignore signal restore full friction brake effort irrespective state traction traction four seconds set brake fade signal high total length pulse 1 brake inhibit low ramp dynamic brake similar way described chapter brake blending dynamic brake case inhibited long brake demanded speed dynamic brake fade signal sent traction attempt made arrest slip transmitting brake inhibit signal even conditions stated detected indicating wsp passive state,c140,r110,0.8,0.19999999999999996
event collection activated tcms reports tds database ready event collection delayed according device type position get staggering activation event collection event collection activated within device ip network towards diagnostic unit running,event collection activated tds database reports ready event collection delayed according device type position get staged activation event collection event collection activated within device network towards diagnostic unit running,c25,r111,0.99,0.010000000000000009
condition data counters sent via ethernet network superior diagnostic condition data counters used working time versus ambient temperature converters lcm mcm acm propulsion control leader traction operation electrodynamic brake operation converter cooling fans main transformer cooling fans main transformer oil pump brake resistor fans motor cooling fans working distance traction motor per mcm number activations propulsion control leader lcb activations fault reset converter cooling fans main transformer cooling fans main transformer oil pump brake resistor fans motor cooling fans auxiliary load contactor charging contactor separation contactor contactors energy consumption traction auxiliary three phase voltage auxiliary battery voltage working time different operation modes electronic switched switched respectively switched operation capacitor dc link charged dc link operation,condition data counters stored odbs condition data counters used c car distance travelled b car distance travelled total energy absorbed total energy regenerated number hscb operations number hscb trips due overcurrent number c car motor converter separation contactor operations number c car motor converter negative separation contactor operations number b car motor converter separation contactor operations number b car motor converter negative separation contactor operations number auxiliary converter separation contactor operations number fault reset number c car external fan high speed contactor operations number c car external low high speed contactor operations number c car brake resistor fan contactor operations number b car external fan high speed contactor operations number b car external low high speed contactor operations number b car brake resistor fan contactor operations number b car load shed contactor operations operating hours external fans high speed c car operating hours external fans high speed b car operating hours external fans low speed c car operating hours external fans low speed b car operating hours brake resistor fans c car operating hours brake resistor fans b car operating hours mcm converter c car operating hours mcm converter b car operating hours apu converter b car local unit id four unit id defining trainthe data stored psw non volatile memory records set reset using provided tools laptop pc connected replacement systems access point available cars ccu needs replacing values transferred new ccu manually condition data sent tms ip interface,c24,r112,0.88,0.12
