R151_query,CLT_source,CLT_source_FID,R151_query_FID,top1_cosine_similarity,distance_score
the propulsion control system shall acquire vehicle type from tcms propulsion shall be blocked and event shall be indicated if the vehicle type is not within valid ranges,the propulsion system shall be blocked and event software version plausibility fault shall be indicated when any software version of the dcu m do not correspond to the software baseline of the propulsion system the consequence shall be inhibited during test i e the propulsion system shall not be blocked when the propulsion control software evolution is not zero,c23,r1,0.65,0.35
the sw version of the propulsion system shall be reported to tcms the propulsion system shall be blocked and event software version plausibility fault shall be indicated when any software version of the propulsion system control units does not correspond to the software baseline of the propulsion system the propulsion system shall not be blocked consequence above shall be inhibited when the sw version is a non released test version i e when the last digit in the version number software evolution part is not zero,the propulsion system shall be blocked and event software version plausibility fault shall be indicated when any software version of the dcu m do not correspond to the software baseline of the propulsion system the consequence shall be inhibited during test i e the propulsion system shall not be blocked when the propulsion control software evolution is not zero,c23,r2,0.85,0.15000000000000002
the requested traction and brake demand shall be selected explicitly by the tcms and or brake control system via two binary commands for traction and braking and an arithmetical tractive braking effort reference,command of traction and brake shall be sent as individual binary signals to the dcu m to be used for the validation of the tractive braking effort reference,c110,r3,0.79,0.20999999999999996
the sign of the tractive braking effort and the motor speed shall correspond to the selected direction a positive effort reference shall indicate tractive effort and vehicle movement in the required direction a negative sign shall indicate electrodynamic braking effort and vehicle movement against the required direction,command of traction and brake shall be sent as individual binary signals to the dcu m to be used for the validation of the tractive braking effort reference,c110,r4,0.64,0.36
the traction and electrodynamic brake reference signal shall be set individually per motor converter comment for single axle drive systems both the friction brake and the electric brake control need to be controlled per axle otherwise the electric brake cannot be used to its full potential,the train control system is arranged to provide what is known as two wire start this requires that two separate train line signals must be energised for it to be able to initiate motoring activation of motor converter shall be allowed when traction safe is energised and forward or reverse drive direction is selected and motor actuate is energised and unit speed is valid and the dc link is charged controlled by mcm dc line voltage 450 vthe motor converter shall be stopped when activation of mcm is not allowed or the train is at standstill and no drive order for 5 seconds or dc line voltage 350 v 350 400 v is the needed margin to be able to activate backup braking,c5,r5,0.62,0.38
to simplify tests in power lab specific functions are needed e g it shall be possible to order xx of total electric brake force,when a motor against brake test is selected the psw shall apply a limited tractive effort of 1 67 kn mcm for as long as the input conditions are true up to a maximum time of 10 seconds,c55,r6,0.55,0.44999999999999996
demand of traction and brake shall be sent as individual binary signals to the motor converter control unit to be used for the validation of the tractive braking effort reference,command of traction and brake shall be sent as individual binary signals to the dcu m to be used for the validation of the tractive braking effort reference,c110,r7,0.88,0.12
the changing rate of tractive braking effort reference shall be limited so that the maximum jerk rate of the train does not exceed param m s3 in traction and param m s3 in braking a faster decreasing rate of tractive reference shall be possible when going directly from traction to brake demand,if the traction brake demand is invalid but hardwire control system inputs are otherwise correct the default performance profile shall be used to determine the demanded tractive effort at the current velocity the tractive effort request shall be fixed to 16 74 kn mcm up to 40 km h and shall be reduced to be zero at 42 km h the tractive effort shall be load weight compensated the speed limits and effort can be reconfigured,c67,r8,0.68,0.31999999999999995
if traction is commanded and brake is commanded then the traction brake reference from tcms shall be ignored,command of traction and brake shall be sent as individual binary signals to the dcu m to be used for the validation of the tractive braking effort reference,c110,r9,0.66,0.33999999999999997
the temperature sensors if used shall be supervised within psw for following components traction motor 1 4 line inductor only for dc system second harmonic filter inductor only for ac system auxiliary transformer the temperature shall be set invalid and event temperature sensor failure shall be indicated when the temperature sensor detects a temperature outside its valid limits,the psw will set this digital output high when the line current on that 2 car unit exceeds 870a or 995a depending on motor current select setting the output shall be set low again when the current demand of the traction system is less than 775a or 900a depending on the motor current select setting on that unit the output is used to disable the heating when under heavy acceleration by breaking the feed to the main heating contactor this is handled by train logic circuit which is not within propulsion scope,c91,r10,0.51,0.49
it shall be possible via parameter setting to define the drive direction of each individual motor axle,the drive direction of each dcum shall be defined according to the figure below figure drive direction the formation shown is only one of the possibilities since all train commands are suitably converted on a unit basis by wire swapping at the auto couplers in this case forward reverse train line this document does not need to consider every possible formation,c108,r11,0.52,0.48
the requested direction shall be selected explicitly by tcms via forward and backward drive command change of selected drive direction shall only be accepted and performed if the speed is very low mechanical axle frequency less below 5 hz the sign of the tractive effort and the motor speed corresponds to the selected direction a positive sign indicates tractive effort and vehicle movement in the required direction a negative sign indicates electrodynamic braking effort and vehicle movement against the required direction,the tractive effort kn input to propulsion shall in normal operation be the minimum of the traction brake pwm signal the specific tractive effort configurable parametersthe tractive effort is expressed for a tare loaded car and shall be load compensated,c70,r12,0.57,0.43000000000000005
activation of motor converter shall be allowed when traction safe loop is energized and forward backward drive direction is selected and vehicle speed is valid and the dc link is charged the motor converter shall be activated when the motor converter is allowed to be activated and when moving the drive controller traction position during standstill or drive controller is either set in drive or brake position during running the motor converter shall be stopped when activation of mcm is not allowed or the train is at standstill and no drive order during 2 seconds,the train control system is arranged to provide what is known as two wire start this requires that two separate train line signals must be energised for it to be able to initiate motoring activation of motor converter shall be allowed when traction safe is energised and forward or reverse drive direction is selected and motor actuate is energised and unit speed is valid and the dc link is charged controlled by mcm dc line voltage 450 vthe motor converter shall be stopped when activation of mcm is not allowed or the train is at standstill and no drive order for 5 seconds or dc line voltage 350 v 350 400 v is the needed margin to be able to activate backup braking,c5,r13,0.73,0.27
with closed dc lcb backup braking shall only be allowed during 3 seconds to make sure that the line voltage is not raised in case of disconnected substations if the time of 3 seconds is exceeded the motor converters shall be blocked and the lcb shall open,hscb shall be opened after a configurable distance when in backup braking to make sure that the line voltage is not raised in case of disconnected substations if the distance is exceeded the motor converters shall be blocked the hscb shall not be reclosed until line voltage is detected,c87,r14,0.79,0.20999999999999996
back up braking shall be inhibited at speeds lower than param km h,back up braking shall be inhibited at speeds lower than 15 km h,c130,r15,0.94,0.06000000000000005
the backup braking functionality shall maintain the auxiliary converters during line power gaps e g because of a neutral section or pantograph bounce so that no power drops in the 3 phase auxiliary distribution system shall appear in backup braking the motor converter shall control the traction motors to slight braking to maintain the voltage in the propulsion dc link,both motor converters in the 2 car unit shall be allowed to activate backup braking to get a stable dc link voltage control,c129,r16,0.73,0.27
the heat sink temperature shall be derived as the maximum of the valid heat sink temperatures within the same converter box if not all sensors are valid an offset shall be added to the maximum value,the psw will set this digital output high when the line current on that 2 car unit exceeds 870a or 995a depending on motor current select setting the output shall be set low again when the current demand of the traction system is less than 775a or 900a depending on the motor current select setting on that unit the output is used to disable the heating when under heavy acceleration by breaking the feed to the main heating contactor this is handled by train logic circuit which is not within propulsion scope,c91,r17,0.41,0.5900000000000001
the internal air temperature shall be derived as the maximum of the valid internal air temperatures within the same converter box if not all sensors are valid an offset shall be added to the maximum value,a method that is thought to be beneficial to limit the dust build up in the external air cooling ducts is to periodically activate the external fan at high speed it is thought that in normal service the high speed mode of the external fan will not be used much as low speed gives sufficient cooling if the high speed is activated at certain conditions loose dust might be blown out of the cooling system the mentioned function would only be activated towards higher vehicle speeds this is done to limit the noise impact also a time counter is implemented to keep track of the time since high speed fan activation when this time reaches a certain value and the vehicle speed is above the limit the fans are activated it shall also be possible to manually activate the function from tms with use of the ip interface or with a laptop connected to the propulsion maintenance port this manually activation shall trig on a positive transition of the activation signal and be activated during the same time as the automated activation regardless of how long time the signal is kept high,c103,r18,0.38,0.62
if the temperature difference between the air temperature sensors exceeds a maximum allowed difference event and status internal cooling problem shall be indicated,a method that is thought to be beneficial to limit the dust build up in the external air cooling ducts is to periodically activate the external fan at high speed it is thought that in normal service the high speed mode of the external fan will not be used much as low speed gives sufficient cooling if the high speed is activated at certain conditions loose dust might be blown out of the cooling system the mentioned function would only be activated towards higher vehicle speeds this is done to limit the noise impact also a time counter is implemented to keep track of the time since high speed fan activation when this time reaches a certain value and the vehicle speed is above the limit the fans are activated it shall also be possible to manually activate the function from tms with use of the ip interface or with a laptop connected to the propulsion maintenance port this manually activation shall trig on a positive transition of the activation signal and be activated during the same time as the automated activation regardless of how long time the signal is kept high,c103,r19,0.46,0.54
the mcm line inductor temperature shall be estimated when temperature sensor is not used or when the measured temperature is not valid,the voltage and current sensors in the converter shall be dc offset calibrated before the converter can be activated this shall be done after each startup of dcu m at dcu m start up open separation and charging contactors in mcm calibrate dc link voltage dc link current and phase current sensorswhen shed supply switch is in track position inhibit close of hscb close separation contactors calibrate line voltage and line current sensors while mcm1 removes any remaining dc line voltagethe self test shall not be activated during sensor calibration,c3,r20,0.52,0.48
traction and brake effort shall be reduced according to a linear function and event converter internal air high temperature shall be indicated when the maximum internal air temperature exceeds param c,the braking effort kn input to propulsion shall in normal operation be the traction brake pwm signal the brake effort is expressed for a tare loaded car and shall be load compensated,c71,r21,0.61,0.39
soft shutdown shall be initiated and event converter internal air over temperature shall be indicated within 30 minutes if the maximum internal air temperature exceeds param c the soft shutdown shall be reset after the maximum internal air temperature falls below param c the dc link shall be isolated if over temperature is detected 3 times within 30 minutes until fault reset or psw restart,soft shutdown shall be ordered and event three phase bus not available shall be indicated when the converter is started filtered with a delay on for three phase start up and three phase system bus not active filtered with a delaysoft shutdown shall be set until 3 phase system bus is active or fault reset or psw restart,c105,r22,0.72,0.28
regeneration shall be inhibited and the traction effort shall be reduced within 5 seconds according to a linear function and event line inductor high temperature shall be indicated when the line inductor temperature exceeds param c,unwarranted regenerationregeneration inhibit supervision shall be enabled when line voltage is outside the allowed range for regenerative braking that is if line voltage is below 400 v or above maximum voltage maximum voltage depends on which train lines are set with rheostatic braking only train line set 650 v without rheostatic braking only and without regeneration level select set 800 v without rheostatic braking only but with regeneration level select set 900 vsoft shutdown shall be initiated and event dc line regeneration inhibit failure shall be set with delay pt dcreginhilo when regeneration inhibit supervision is enabled and dc line current is valid and less than pi dcreginhlo and integrated accumulated dc line current is below pi dcreginhloacc for a time delayconsequence soft shutdown shall be initiated during a minimum time pt dcreginhsfsdmn if 3 faults are detected within 30 minutes the dc link shall be isolated and event indicated until fault reset or psw restart,c141,r23,0.57,0.43000000000000005
soft shutdown shall be performed and event line inductor over temperature shall be indicated if the line inductor temperature exceeds param c the soft shutdown shall be reset after the line inductor temperature falls below param c the converter shall be isolated if over temperature is detected 3 times within 30 minutes until fault reset or psw restart,soft shutdown shall be ordered and event three phase bus not available shall be indicated when the converter is started filtered with a delay on for three phase start up and three phase system bus not active filtered with a delaysoft shutdown shall be set until 3 phase system bus is active or fault reset or psw restart,c105,r24,0.69,0.31000000000000005
the total brake effort for the dc link shall be reduced according to a linear function and event high brake chopper semiconductor temperature shall be indicated when the max value of all brake chopper semiconductor temperatures in the converter box exceeds param c,5 of the ultimate dynamic brake effort shall be established within 500 ms of the tractive effort reaching zero following a valid service brake demand unwarranted mcm power output variations jerk rate outside defined limits shall be detected and prevented within 1s the psw shall contain the jerk rate limitation function the function in the dcu m shall only be used as a backup if psw fails to limit the jerk,c137,r25,0.6,0.4
the total brake effort for the dc link shall be reduced according to a linear function and event high brake resistor temperature shall be indicated when the max value of all brake resistor temperatures in the converter box exceeds param c,5 of the ultimate dynamic brake effort shall be established within 500 ms of the tractive effort reaching zero following a valid service brake demand unwarranted mcm power output variations jerk rate outside defined limits shall be detected and prevented within 1s the psw shall contain the jerk rate limitation function the function in the dcu m shall only be used as a backup if psw fails to limit the jerk,c137,r26,0.63,0.37
at least one working ovp shall be tested every time the dc link is charged if all ovp units are detected faulty the test shall be repeated three times thereafter the dc link shall be isolated until fault reset or psw restart,when two or more ovp s are in use and one of them is unavailable the unavailable ovp shall be isolated the ovp shall be considered unavailable when the corresponding dcu m is isolated or is blocked due to dc link voltage measurement failure or has a communication faultif none of the ovps in the dc link are available neither of the ovps shall be commanded to be isolated central line has only one ovp in each dc link and shall therefore not isolate the ovp,c18,r27,0.73,0.27
at least one working ovp shall be tested every time the dc link is charged if all ovp units are detected faulty the test shall be repeated three times thereafter the dc link shall be isolated until fault reset or psw restart,when two or more ovp s are in use and one of them is unavailable the unavailable ovp shall be isolated the ovp shall be considered unavailable when the corresponding dcu m is isolated or is blocked due to dc link voltage measurement failure or has a communication faultif none of the ovps in the dc link are available neither of the ovps shall be commanded to be isolated central line has only one ovp in each dc link and shall therefore not isolate the ovp,c18,r28,0.73,0.27
charge dc link in dc mode the charging contactor shall be used for charge of the dc link by connecting the dc line voltage to the dc link via the charging resistor the charging contactor shall only be closed during the charging sequence of the dc link the separation contactor shall be used to connect and separate the dc link from the dc line during the charging sequence the dc link voltage shall be rising above param v within a maximum charging time param before closing the separation contactor,dc link voltage shall be used as line voltage when measured line voltage is not valid the measured dc link voltage shall be transformed to dc line voltage by calculating the voltage drop over the line inductor prioritize dc link voltage in following order 1 estimated dc line voltage from dc link voltage in mcm1 if valid 2 estimated dc line voltage from dc link voltage in mcm2 if valid 3 estimated dc line voltage from dc link voltage in apu if dc link voltage in apu is valid hscb shall be inhibited from close if no valid line voltage can be measured or estimated,c100,r29,0.47,0.53
the charging contactor shall not break current and shall not be opened until the separation contactor is closed the minimum time between separation contactor open and close order shall be at least 1500 ms,the dc link shall be charged when the hscbs are closed the dc link shall be discharged when the hscbs are opened and no converter is activated it shall be possible to re start motoring within 10 seconds after a loss of the traction supply lasting up to 30 seconds it shall be possible to re start motoring within 2 seconds after a loss of the traction supply lasting up to 10 seconds,c14,r30,0.45,0.55
soft shutdown shall be performed and an event shall be indicated when a charging contactor close order and feedback differ for more than param the converter shall be isolated if the failure is detected 3 times within 30 minutes until fault reset or psw restart,soft shutdown shall be ordered and event three phase bus not available shall be indicated when the converter is started filtered with a delay on for three phase start up and three phase system bus not active filtered with a delaysoft shutdown shall be set until 3 phase system bus is active or fault reset or psw restart,c105,r31,0.7,0.30000000000000004
protective shutdown shall be performed and event shall be indicated when a charging contactor opening order and feedback differ for more than param the converter shall be isolated if the failure is detected 3 times within 30 minutes until fault reset or psw restart,soft shutdown shall be ordered and event three phase bus not available shall be indicated when the converter is started filtered with a delay on for three phase start up and three phase system bus not active filtered with a delaysoft shutdown shall be set until 3 phase system bus is active or fault reset or psw restart,c105,r32,0.66,0.33999999999999997
protective shutdown shall be performed and event shall be indicated when the charging contactor is inhibited to open due to too high line circuit current,the hscb shall only be open when it is required for safety reason or testing at openings the hscb s shall under no circumstances be re closed until the hscb minimum opening time has elapsed the hscb s hold order shall be immediately removed if any of following conditions occurs any of the hscb closed or hscb closed indicates that hscb is opened another function requires opening of the hscb s open hscb line voltage has been less than 400 v for at least configurable initially set to 5 s line voltage has been above 1000 v for configurable initially set to 200 ms the shed switch is in the off or shed position under normal operating conditions the current draw shall be reduced to zero or as low as reasonably practicable before the hscb open in practice most overvoltage will be short transients shorter than 200 ms that will be handled by the ovp the line voltage relay does not provide information about over voltage or when voltage is back below 1000 v again the hscb shall for that reason be re closed after the minimum of hscb minimum opening time or 2s has elapsed backup braking will in the undervoltage case keep the line voltage above 400 v for the allowed backup braking time after that the line voltage might drop and the hscb will in that case be opened almost immediately the line voltage relay is set high at a lower value than 400 v but it is very unlikely that the line voltage is kept in the range between line voltage relay level and 400 v the hscb shall for that reason be re closed when the line voltage relay indicates line voltage the hscb shall not re close after open due to line under voltage until the hscb minimum under voltage opening time has elapsed the hscb shall not be reclosed after a detected level 1 earth fault or an isolation due to repeated level 2 earth faults,c32,r33,0.48,0.52
if the charging contactor cannot open the lcb shall be inhibited to close,the dc link shall be charged when the hscbs are closed the dc link shall be discharged when the hscbs are opened and no converter is activated it shall be possible to re start motoring within 10 seconds after a loss of the traction supply lasting up to 30 seconds it shall be possible to re start motoring within 2 seconds after a loss of the traction supply lasting up to 10 seconds,c14,r34,0.43,0.5700000000000001
protective shutdown shall be performed and event shall be indicated when a separation contactor opening order and feedback differ for more than a certain time the converter shall be isolated if the failure is detected 3 times within 30 minutes until fault reset or psw restart,soft shutdown shall be ordered and event three phase bus not available shall be indicated when the converter is started filtered with a delay on for three phase start up and three phase system bus not active filtered with a delaysoft shutdown shall be set until 3 phase system bus is active or fault reset or psw restart,c105,r35,0.72,0.28
if the separation contactor cannot open the lcb shall be inhibited to close,event hscb does not close set when the hscb has not closed within time when all detectable conditions were set the detection for non closing hscb shall be when hscb hold order and hscb hold order feedback set and hscb hold line trip out set and negative edge of hscb close order and no hscb closed feedback or no hscb closed feedbackconsequence command open hscb system shall be isolated if too many failures px lcbclcnt are detected within a certain time period pt lcbclwnd,c36,r36,0.45,0.55
protective shutdown shall be performed and event shall be indicated when the separation contactor is inhibited to open due to too high line circuit current,the hscb shall only be open when it is required for safety reason or testing at openings the hscb s shall under no circumstances be re closed until the hscb minimum opening time has elapsed the hscb s hold order shall be immediately removed if any of following conditions occurs any of the hscb closed or hscb closed indicates that hscb is opened another function requires opening of the hscb s open hscb line voltage has been less than 400 v for at least configurable initially set to 5 s line voltage has been above 1000 v for configurable initially set to 200 ms the shed switch is in the off or shed position under normal operating conditions the current draw shall be reduced to zero or as low as reasonably practicable before the hscb open in practice most overvoltage will be short transients shorter than 200 ms that will be handled by the ovp the line voltage relay does not provide information about over voltage or when voltage is back below 1000 v again the hscb shall for that reason be re closed after the minimum of hscb minimum opening time or 2s has elapsed backup braking will in the undervoltage case keep the line voltage above 400 v for the allowed backup braking time after that the line voltage might drop and the hscb will in that case be opened almost immediately the line voltage relay is set high at a lower value than 400 v but it is very unlikely that the line voltage is kept in the range between line voltage relay level and 400 v the hscb shall for that reason be re closed when the line voltage relay indicates line voltage the hscb shall not re close after open due to line under voltage until the hscb minimum under voltage opening time has elapsed the hscb shall not be reclosed after a detected level 1 earth fault or an isolation due to repeated level 2 earth faults,c32,r37,0.54,0.45999999999999996
before discharge of the dc link the charging and separation contactors shall be opened for the discharge of the dc link the ovp shall be fired for a certain period of time so the that the capacitors discharges within 10 seconds to a level below 60 volts,the dc link shall be charged when the hscbs are closed the dc link shall be discharged when the hscbs are opened and no converter is activated it shall be possible to re start motoring within 10 seconds after a loss of the traction supply lasting up to 30 seconds it shall be possible to re start motoring within 2 seconds after a loss of the traction supply lasting up to 10 seconds,c14,r38,0.58,0.42000000000000004
protective shutdown shall be performed and an event shall be indicated when the dc link voltage while charging does not rise above a certain level within a certain time the converter shall be isolated if the failure is detected 3 times within 30 minutes until fault reset,the dc link shall be charged when the hscbs are closed the dc link shall be discharged when the hscbs are opened and no converter is activated it shall be possible to re start motoring within 10 seconds after a loss of the traction supply lasting up to 30 seconds it shall be possible to re start motoring within 2 seconds after a loss of the traction supply lasting up to 10 seconds,c14,r39,0.62,0.38
protective shutdown shall be performed and an event shall be indicated if the dc link is discharged but the dc link voltage does not decrease below param v,the dc link shall be charged when the hscbs are closed the dc link shall be discharged when the hscbs are opened and no converter is activated it shall be possible to re start motoring within 10 seconds after a loss of the traction supply lasting up to 30 seconds it shall be possible to re start motoring within 2 seconds after a loss of the traction supply lasting up to 10 seconds,c14,r40,0.55,0.44999999999999996
the charging resistor temperature shall be calculated based on either actual dc link current if this is available or dv dt according to the dcu2 function used today this to ensure that function is valid even if no current sensor is mounted as some acms in case there is a dc link current sensor available in the case that udc is not increasing as during short circuit the dc link current sensor value shall be used for energy calculation instead of the fixed energy used in today s model the function with dc link current sensor will ensure that external problems like lcb opening line voltage drop do not result in a faulty calculated temperature in case there is no dc link current sensor the todays dcu2 function for energy calculation shall be used charging shall be inhibited if overtemperature is expected due to the estimated charging resistor temperature at start of the charging,the voltage and current sensors in the converter shall be dc offset calibrated before the converter can be activated this shall be done after each startup of dcu m at dcu m start up open separation and charging contactors in mcm calibrate dc link voltage dc link current and phase current sensorswhen shed supply switch is in track position inhibit close of hscb close separation contactors calibrate line voltage and line current sensors while mcm1 removes any remaining dc line voltagethe self test shall not be activated during sensor calibration,c3,r41,0.53,0.47
vehicle speed and valid train speed shall be acquired from tcms,the speed inputs to create a unit speed are the axle all driven speeds in a 2 car unit during braking coasting and during start of the train the local vehicle speed shall be calculated as the second highest of all valid axle speed signals during traction the local vehicle speed shall be calculated as the second lowest of all valid axle speed signals,c122,r42,0.6,0.4
the vehicle speed shall be set to the vehicle speed calculated by tcms when the vehicle speed signal from tcms is valid,the speed inputs to create a unit speed are the axle all driven speeds in a 2 car unit during braking coasting and during start of the train the local vehicle speed shall be calculated as the second highest of all valid axle speed signals during traction the local vehicle speed shall be calculated as the second lowest of all valid axle speed signals,c122,r43,0.59,0.41000000000000003
if the tcms signal is not valid the vehicle speed shall locally be calculated based on the axle speed signals from the motor converter control unit during braking coasting and during start of the train the local vehicle speed shall be calculated as the second highest of all valid axle speed signals during traction the local vehicle speed shall be calculated as the second lowest of all valid axle speed signals the highest respectively the lowest axle speed shall be used when not all speed signals are valid,the speed inputs to create a unit speed are the axle all driven speeds in a 2 car unit during braking coasting and during start of the train the local vehicle speed shall be calculated as the second highest of all valid axle speed signals during traction the local vehicle speed shall be calculated as the second lowest of all valid axle speed signals,c122,r44,0.72,0.28
the local vehicle speed calculated wheel speed shall be set invalid and event wheel speed is faulty shall be indicated when all axle speed signals are invalid,the vehicle speed shall be set invalid and event vehicle speed is faulty shall be indicated when all axle speeds are invalid,c123,r45,0.91,0.08999999999999997
standstill status shall be set when standstill is detected by tcms while the vehicle speed signal from tcms is valid or when the local vehicle speed is valid and below 0 2 km h while the vehicle speed signal from tcms is invalid,standstill status shall be set when the unit vehicle speed is valid and below 0 2 km h,c124,r46,0.81,0.18999999999999995
the wheel diameter calibration shall be enabled with 3 s delay at following conditions vehicle speed calculation is valid calibrated speed is valid traction braking effort reference relative reference is less than 5 traction braking effort reference absolute value is less than 5 kn emergency brake is not activated friction brake is not applied vehicle speed derivative is less than 0 5 km h s slip slide has not been active during 60 s enable wheel diamater calibration is set from tcms,the wheel diameter calibration shall be enabled with 3 s delay at following conditions vehicle speed calculation is valid and fast increase of brake effort is not activated and traction braking effort reference relative reference is less than tractive brake effort limitation px encalwhdmfma and traction braking effort reference absolute value is less than tractive brake effort limitation pe encalwhdmfma and vehicle speed is greater than a speed level as a function of maximum wheel speed error of all axles as specified in the figure below large difference allows calibration at lower speed and slip slide has not been active during the time pt encalwhdmss and maximum wheel speed difference is not to high and reference speed for wheel diameter calibration is valid and the reference speed derivate is within speed derivative limitation p encalwhdmderl,c126,r47,0.85,0.15000000000000002
the wheel diameter calibration shall be disabled at low vehicle speed depending of the maximum wheel speed error of all axles large difference allows calibration at lower speed figure enable wheel speed calibration as a function of max wheel speed error,the wheel diameter calibration shall be disabled at low vehicle speed depending of the maximum wheel speed error of all axles large difference allows calibration at lower speed figure enable wheel speed calibration as a function of max wheel speed error levels are parameterized,c125,r48,0.99,0.010000000000000009
wheel diameter calibration shall not be enabled and event calibrated speed faulty shall be indicated if the calibrated speed is not valid,event speed calibration is needed shall be indicated after a delay when the maximum wheel speed difference of all motor axles is too high and slip is not detected,c128,r49,0.78,0.21999999999999997
wheel diameter calibration shall not be enabled and event difference in calibrated and vehicle speed shall be indicated if the difference between calibrated speed and vehicle speed is greater than 10 km h,the wheel diameter calibration shall be disabled at low vehicle speed depending of the maximum wheel speed error of all axles large difference allows calibration at lower speed figure enable wheel speed calibration as a function of max wheel speed error levels are parameterized,c125,r50,0.84,0.16000000000000003
event speed calibration is needed shall be indicated after a delay when the maximum wheel speed difference of all motor axles is too high and slip is not detected,event speed calibration is needed shall be indicated after a delay when the maximum wheel speed difference of all motor axles is too high and slip is not detected,c128,r51,1.0,0.0
in traction backup mode it shall be possible to activate the propulsion system and operate the train with restricted speed without mvb communication from tcms this implies that all vital propulsion function shall be controlled via train lines including mcm activation traction reference only mechanical brake forward backward drive direction,the train control system is arranged to provide what is known as two wire start this requires that two separate train line signals must be energised for it to be able to initiate motoring activation of motor converter shall be allowed when traction safe is energised and forward or reverse drive direction is selected and motor actuate is energised and unit speed is valid and the dc link is charged controlled by mcm dc line voltage 450 vthe motor converter shall be stopped when activation of mcm is not allowed or the train is at standstill and no drive order for 5 seconds or dc line voltage 350 v 350 400 v is the needed margin to be able to activate backup braking,c5,r52,0.7,0.30000000000000004
when dc system is selected the tractive effort shall be limited as a function of dc link voltage according to the figure below when dc system is not selected the tractive effort shall be set to y1 corresponds to max available tractive effort the increasing and decreasing of the limitation shall be limited by a time ramp figure tractive effort limitation due to high dc link voltage,the limitation curve shall be held by the psw the curve in dcu m shall not be used the output from this function shall be the minimum of load weighted tractive effort from load weight compensation function maximum tractive effort per mcm,c114,r53,0.58,0.42000000000000004
regeneration of dc line current shall be inhibited due to dc line inductor temperature is too high param or dc regeneration inhibit due to low dc line voltage param or dc regeneration inhibit due to high dc line voltage param,the maximum current delivered to the line braking shall vary linearly from the defined limit to zero when dc line voltage reduces from 450 v to 400 v when line voltage increases from 600 v to 650v when rheostatic braking only train line is true when line voltage increases from 780 v to 800 v when regen voltage select train line is false when line voltage increases from 880 v to 900 v when regen voltage select train line is truethe regeneration level shall regardless of selected level consider the existing equipment such as heater circuit and air compressor unit,c142,r54,0.55,0.44999999999999996
soft shutdown shall be initiated and event dc line regeneration inhibit failure shall be set when regeneration is inhibited and integrated accumulated dc line current is below param if 3 faults are detected within 30 minutes the dc link shall be isolated and event indicated until fault reset or psw restart,unwarranted regenerationregeneration inhibit supervision shall be enabled when line voltage is outside the allowed range for regenerative braking that is if line voltage is below 400 v or above maximum voltage maximum voltage depends on which train lines are set with rheostatic braking only train line set 650 v without rheostatic braking only and without regeneration level select set 800 v without rheostatic braking only but with regeneration level select set 900 vsoft shutdown shall be initiated and event dc line regeneration inhibit failure shall be set with delay pt dcreginhilo when regeneration inhibit supervision is enabled and dc line current is valid and less than pi dcreginhlo and integrated accumulated dc line current is below pi dcreginhloacc for a time delayconsequence soft shutdown shall be initiated during a minimum time pt dcreginhsfsdmn if 3 faults are detected within 30 minutes the dc link shall be isolated and event indicated until fault reset or psw restart,c141,r55,0.74,0.26
the dc link current during braking shall be controlled so that the maximum dc line regenerated current negative dc line current is limited according to the lowest negative value of dc line current limitation in braking as a function of dc line voltage,the maximum current delivered to the line braking shall vary linearly from the defined limit to zero when dc line voltage reduces from 450 v to 400 v when line voltage increases from 600 v to 650v when rheostatic braking only train line is true when line voltage increases from 780 v to 800 v when regen voltage select train line is false when line voltage increases from 880 v to 900 v when regen voltage select train line is truethe regeneration level shall regardless of selected level consider the existing equipment such as heater circuit and air compressor unit,c142,r56,0.69,0.31000000000000005
the allowed maximum current per dc link shall be calculated with respect to the maximum allowed line current per dc link and the actual acm power the acm power shall be subtracted in braking the allowed maximum current shall be divided between the active motor converters connected to the actual dc link offset compensation for all dc links when the tractive brake effort reference is limited due to maximal ac line current the maximum allowed power per motor converter shall be regulated such as the offset error between measured line current and the maximal line current reference is within an offset parameter set to a sufficient high level to avoid influences between the different dc links closed loop control each line current measurement segment should have one dc link working as master which shall regulate the offset error between measured line current and the maximal line current reference towards zero,from the measured currents a current limit per mcm shall be calculated in psw and distributed to the two mcms to regulate the line current the mcm current shall be limited by dissipating the excessive braking power in the brake choppers and not limiting the brake effort until the brake chopper has reached any limitations the total line current regenerated to the line of a 2 car unit including auxiliaries shall not exceed 1000a the current through the line inductors shall be limited to below 530a the figure below shows the available current measurement positions for the function,c120,r57,0.74,0.26
dc line regeneration shall be inhibited within 100 ms but fulfilling the jerk rate requirements when dc line voltage is above param,unwarranted regenerationregeneration inhibit supervision shall be enabled when line voltage is outside the allowed range for regenerative braking that is if line voltage is below 400 v or above maximum voltage maximum voltage depends on which train lines are set with rheostatic braking only train line set 650 v without rheostatic braking only and without regeneration level select set 800 v without rheostatic braking only but with regeneration level select set 900 vsoft shutdown shall be initiated and event dc line regeneration inhibit failure shall be set with delay pt dcreginhilo when regeneration inhibit supervision is enabled and dc line current is valid and less than pi dcreginhlo and integrated accumulated dc line current is below pi dcreginhloacc for a time delayconsequence soft shutdown shall be initiated during a minimum time pt dcreginhsfsdmn if 3 faults are detected within 30 minutes the dc link shall be isolated and event indicated until fault reset or psw restart,c141,r58,0.59,0.41000000000000003
the dc link current during traction shall be controlled so that the maximum dc line current is limited according to the lowest value of max allowed dc line current in traction due to line voltage max allowed dc line current reference from tcms,from the measured currents a current limit per mcm shall be calculated in psw and distributed to the two mcms to regulate the line current the mcm current shall be controlled by limiting the tractive effort the total line current draw defined by motor current select of a 2 car unit including auxiliaries shall not exceed 875a when the motoring current select hardwired input is false 1000a when the motoring current select hardwired input is true the current through the line inductors shall be limited to below 530athe figure below shows the available current measurement positions for the function,c77,r59,0.57,0.43000000000000005
the allowed maximum current per dc link shall be calculated with respect to the maximum allowed line current per dc link and the actual acm power the acm power shall be subtracted in traction the allowed maximum current shall be divided between the active motor converters connected to the actual dc link offset compensation for all dc links when the tractive brake effort reference is limited due to maximal ac line current the maximum allowed power per motor converter shall be regulated such as the offset error between measured line current and the maximal line current reference is within an offset parameter set to a sufficient high level to avoid influences between the different dc links closed loop control each line current measurement segment should have one dc link working as master which shall regulate the offset error between measured line current and the maximal line current reference towards zero,from the measured currents a current limit per mcm shall be calculated in psw and distributed to the two mcms to regulate the line current the mcm current shall be limited by dissipating the excessive braking power in the brake choppers and not limiting the brake effort until the brake chopper has reached any limitations the total line current regenerated to the line of a 2 car unit including auxiliaries shall not exceed 1000a the current through the line inductors shall be limited to below 530a the figure below shows the available current measurement positions for the function,c120,r60,0.73,0.27
maximum tractive effort per mcm shall be limited as a function of vehicle speed defined as linear interpolation between 15 points according to the table below table maximum tractive effort per mcm,maximum tractive effort per mcm shall be limited as a function of vehicle speed according to the following table and figure table speed and te per mcm,c112,r61,0.85,0.15000000000000002
maximum electrodynamic braking effort per mcm shall be limited as a function of vehicle speed defined as linear interpolation between 15 points according to the table below table maximum electrodynamic braking effort per mcm,maximum brake effort per mcm shall be limited in accordance with the table and figure below table speed and be per mcm,c113,r62,0.77,0.22999999999999998
optional the temperature cycling of the igbts shall be limited the traction effort reference shall be limited to 50 at start from standstill up to a minimum vehicle speed parameter the limitation shall be removed if the minimum vehicle speed is not reached within a time delay after traction command is set and within a time delay after pneumatic brake is released and vehicle speed less than 1 km h the braking effort reference shall be limited to 50 when braking down from a maximal vehicle speed parameter to standstill,following configurable parameters shall be supported high motoring jerk limit 1 parameter low motoring jerk limit 1 parameter braking jerk limit 1 parameter four data pairs representing the interpretation each of the five pwm signals 40 parameters the time to confirm the emergency brake demand to be valid 1 parameter the time to confirm the locally feed train line to be valid 1 parameter the time to confirm the train line to be valid 1 parameter the speed which at initiates end of stop brake blend 1 parameter the distance and voltage level before open hscb in braking with no regeneration 2 parameters the time before opening hscb when line voltage drops below 400v 1 parameter the time before opening hscb when line voltage exceeds 1000v 1 parameter specific tractive effort curve with 20 data pairs 40 parameters the default performance profile consisting of a table of no less than 3 data pairs 6 parameters configurable dust cleaner with use of external fan 3 parameters configurable dust cleaner with use of brake resistor fan 3 parameters battery supervision 3 parameters backup braking speed 2 parameters motor warning temperature levels 2 parameters shoe cable protection 2 parametersin total 112 parameters,c86,r63,0.59,0.41000000000000003
event tractive test failure shall be indicated at mcm switching test if the line converter or the auxiliary converter or all motor converters are not activated or if achieved tractive effort are not within allowed limits,event tractive test failure shall be indicated at mcm switching test if the auxiliary converter or all motor converters are not activated,c49,r64,0.96,0.040000000000000036
event line trip test failure shall be indicated if the line trip relays are not opened during the test,event line trip test failure shall be indicated if the line trip relays are not opened during the test,c51,r65,1.0,0.0
event earth fault measurement failure shall be indicated if the earth fault is not detected during the earth fault test,event earth fault measurement failure shall be indicated if the earth fault is not detected during the earth fault detection test,c50,r66,0.99,0.010000000000000009
it shall via the maintenance interface or via test command from tcms be possible to test the propulsion system it shall be possible to perform the test manually of individual components it shall be possible to perform the test in an automatic sequence it shall be possible to perform the test with or without activated high voltage table propulsion test,tabel test performed by activating deactivating the high voltage most of the propulsion components have already been tested when dc link is charged which is a precondition for the test to start a self test is also performed on each dcu m vcu c at powerup the evaluation of that test is not included in the test described in this chapter refer to chapter 5 9 1 1 dcu m control board hardware and software supervision and 5 9 1 8 ccu o control board hardware and software supervision switching of mcm is not possible in self test as the emergency brake is applied,c54,r67,0.62,0.38
the discharged resistor test shall be performed every time a manual test is initiated corresponding automatic test shall only be performed each n th day as specified by the requirement for discharge resistor supervision,the discharged resistor test shall be performed every time a traction test is initiated corresponding traction test is performed each 34 th day which will meet the requirement for discharging resistor test,c44,r68,0.86,0.14
the propulsion control system shall be able to run in power circuit test mode,the propulsion system shall be blocked and event software version plausibility fault shall be indicated when any software version of the dcu m do not correspond to the software baseline of the propulsion system the consequence shall be inhibited during test i e the propulsion system shall not be blocked when the propulsion control software evolution is not zero,c23,r69,0.58,0.42000000000000004
high voltage shall be activated when high voltage is enabled from tcms,traction test in progress shall be sent to tms once the test has started and being kept high until test has finished a failed or a passed traction test shall be communicated to tms as a status signal and an event shall be set in tds table test performed by activating deactivation the high voltage,c48,r70,0.53,0.47
event shall be indicated when the line voltage is not considered detected when the dc lcb and separation contactor are closed and the dc link is charged,dc link voltage shall be used as line voltage when measured line voltage is not valid the measured dc link voltage shall be transformed to dc line voltage by calculating the voltage drop over the line inductor prioritize dc link voltage in following order 1 estimated dc line voltage from dc link voltage in mcm1 if valid 2 estimated dc line voltage from dc link voltage in mcm2 if valid 3 estimated dc line voltage from dc link voltage in apu if dc link voltage in apu is valid hscb shall be inhibited from close if no valid line voltage can be measured or estimated,c100,r71,0.58,0.42000000000000004
the lcb shall be opened and event emergency stop activated shall be indicated when emergency stop signal is detected,event hscb does not close set when the hscb has not closed within time when all detectable conditions were set the detection for non closing hscb shall be when hscb hold order and hscb hold order feedback set and hscb hold line trip out set and negative edge of hscb close order and no hscb closed feedback or no hscb closed feedbackconsequence command open hscb system shall be isolated if too many failures px lcbclcnt are detected within a certain time period pt lcbclwnd,c36,r72,0.59,0.41000000000000003
the manual dc selector switch has three positions the switch shall be supervised via two binary inputs for status code 1 and 2 position change shall be delayed param seconds and decoded as table dc selector,the manual shed supply change over switch has three positions the position of the shed supply change over switch shall be supervised the switch is supervised via three binary inputs as shed supply change over switch in track position shed supply change over switch in off position shed supply change over switch in shed positionshed supply change over switch in position trackthis is the normal position during train operation the hscb shall only be allowed to close when the shed supply change over switch is in track position shed supply change over switch in position offthe hscb shall be opened and the high voltage system shall be inhibited when the train is at standstill the digital inputs are valid and the shed supply change over switch is in position off the inhibit close of hscb shall be reset when the digital inputs are valid and the shed supply change over switch is in position track event shed supply change over switch in position off shall be indicated when the digital inputs are valid and shed supply change over switch in position off hscb is opened by line trip when the shed supply change over switch moves from track position into off dc link shall be discharged and separation contactors shall be commanded to open within 500ms if they are closed in off position after 500ms they will be forced open by hw shed supply change over switch in position shedthe hscb shall be opened when the train is at standstill the digital inputs are valid and the shed supply change over switch is in position shed the inhibit close of hscb shall be reset when the digital inputs are valid and the shed supply change over switch is in position track event shed supply change over switch in position shed shall be indicated when the digital inputs are valid and shed supply change over switch in position shed shed supply change over switch plausibility errorthe hscb shall be opened and high voltage system shall be inhibited when the train is at standstill the digital inputs are valid and the shed supply change over switch is not in a valid position the inhibit close of hscb shall be reset when the digital inputs are valid and the shed supply change over switch is in position track event shed supply change over switch plausibility error shall be indicated when the digital inputs are valid and shed supply change over switch is not in a valid position,c33,r73,0.55,0.44999999999999996
the lcb shall not be allowed to close if the dc selector switch is in position cut out,event hscb closed with no close order set when positive edge of hscb closed feedback when no close order has been given consequence command protective shutdown,c39,r74,0.5,0.5
the dc lcb shall be opened and the dc link shall be discharged and the high voltage system shall be inhibited when the train is at standstill and the dc selector switch is in position cut out event dc selector switch in position cut out shall be indicated when the dc selector switch in position cut out,the manual shed supply change over switch has three positions the position of the shed supply change over switch shall be supervised the switch is supervised via three binary inputs as shed supply change over switch in track position shed supply change over switch in off position shed supply change over switch in shed positionshed supply change over switch in position trackthis is the normal position during train operation the hscb shall only be allowed to close when the shed supply change over switch is in track position shed supply change over switch in position offthe hscb shall be opened and the high voltage system shall be inhibited when the train is at standstill the digital inputs are valid and the shed supply change over switch is in position off the inhibit close of hscb shall be reset when the digital inputs are valid and the shed supply change over switch is in position track event shed supply change over switch in position off shall be indicated when the digital inputs are valid and shed supply change over switch in position off hscb is opened by line trip when the shed supply change over switch moves from track position into off dc link shall be discharged and separation contactors shall be commanded to open within 500ms if they are closed in off position after 500ms they will be forced open by hw shed supply change over switch in position shedthe hscb shall be opened when the train is at standstill the digital inputs are valid and the shed supply change over switch is in position shed the inhibit close of hscb shall be reset when the digital inputs are valid and the shed supply change over switch is in position track event shed supply change over switch in position shed shall be indicated when the digital inputs are valid and shed supply change over switch in position shed shed supply change over switch plausibility errorthe hscb shall be opened and high voltage system shall be inhibited when the train is at standstill the digital inputs are valid and the shed supply change over switch is not in a valid position the inhibit close of hscb shall be reset when the digital inputs are valid and the shed supply change over switch is in position track event shed supply change over switch plausibility error shall be indicated when the digital inputs are valid and shed supply change over switch is not in a valid position,c33,r75,0.65,0.35
the dc lcb shall be opened and the dc link shall be discharged and high voltage system shall be inhibited when the train is at standstill and the dc selector switch is in not valid position event dc selector switch plausibility error shall be indicated when the dc selector switch in not valid position,the manual shed supply change over switch has three positions the position of the shed supply change over switch shall be supervised the switch is supervised via three binary inputs as shed supply change over switch in track position shed supply change over switch in off position shed supply change over switch in shed positionshed supply change over switch in position trackthis is the normal position during train operation the hscb shall only be allowed to close when the shed supply change over switch is in track position shed supply change over switch in position offthe hscb shall be opened and the high voltage system shall be inhibited when the train is at standstill the digital inputs are valid and the shed supply change over switch is in position off the inhibit close of hscb shall be reset when the digital inputs are valid and the shed supply change over switch is in position track event shed supply change over switch in position off shall be indicated when the digital inputs are valid and shed supply change over switch in position off hscb is opened by line trip when the shed supply change over switch moves from track position into off dc link shall be discharged and separation contactors shall be commanded to open within 500ms if they are closed in off position after 500ms they will be forced open by hw shed supply change over switch in position shedthe hscb shall be opened when the train is at standstill the digital inputs are valid and the shed supply change over switch is in position shed the inhibit close of hscb shall be reset when the digital inputs are valid and the shed supply change over switch is in position track event shed supply change over switch in position shed shall be indicated when the digital inputs are valid and shed supply change over switch in position shed shed supply change over switch plausibility errorthe hscb shall be opened and high voltage system shall be inhibited when the train is at standstill the digital inputs are valid and the shed supply change over switch is not in a valid position the inhibit close of hscb shall be reset when the digital inputs are valid and the shed supply change over switch is in position track event shed supply change over switch plausibility error shall be indicated when the digital inputs are valid and shed supply change over switch is not in a valid position,c33,r76,0.62,0.38
the dc lcb shall be opened when the dc selector switch cover is not closed event dc selector switch cover is opened shall be indicated if the cover is open while high voltage is enabled i e when the lcb is allowed to close,the hscb shall only be open when it is required for safety reason or testing at openings the hscb s shall under no circumstances be re closed until the hscb minimum opening time has elapsed the hscb s hold order shall be immediately removed if any of following conditions occurs any of the hscb closed or hscb closed indicates that hscb is opened another function requires opening of the hscb s open hscb line voltage has been less than 400 v for at least configurable initially set to 5 s line voltage has been above 1000 v for configurable initially set to 200 ms the shed switch is in the off or shed position under normal operating conditions the current draw shall be reduced to zero or as low as reasonably practicable before the hscb open in practice most overvoltage will be short transients shorter than 200 ms that will be handled by the ovp the line voltage relay does not provide information about over voltage or when voltage is back below 1000 v again the hscb shall for that reason be re closed after the minimum of hscb minimum opening time or 2s has elapsed backup braking will in the undervoltage case keep the line voltage above 400 v for the allowed backup braking time after that the line voltage might drop and the hscb will in that case be opened almost immediately the line voltage relay is set high at a lower value than 400 v but it is very unlikely that the line voltage is kept in the range between line voltage relay level and 400 v the hscb shall for that reason be re closed when the line voltage relay indicates line voltage the hscb shall not re close after open due to line under voltage until the hscb minimum under voltage opening time has elapsed the hscb shall not be reclosed after a detected level 1 earth fault or an isolation due to repeated level 2 earth faults,c32,r77,0.6,0.4
the dc lcb shall be opened when the shed supply cover is not closed event shed supply cover is opened shall be indicated if the cover is open while high voltage is enabled i e when the lcb is allowed to close,the hscb shall only be open when it is required for safety reason or testing at openings the hscb s shall under no circumstances be re closed until the hscb minimum opening time has elapsed the hscb s hold order shall be immediately removed if any of following conditions occurs any of the hscb closed or hscb closed indicates that hscb is opened another function requires opening of the hscb s open hscb line voltage has been less than 400 v for at least configurable initially set to 5 s line voltage has been above 1000 v for configurable initially set to 200 ms the shed switch is in the off or shed position under normal operating conditions the current draw shall be reduced to zero or as low as reasonably practicable before the hscb open in practice most overvoltage will be short transients shorter than 200 ms that will be handled by the ovp the line voltage relay does not provide information about over voltage or when voltage is back below 1000 v again the hscb shall for that reason be re closed after the minimum of hscb minimum opening time or 2s has elapsed backup braking will in the undervoltage case keep the line voltage above 400 v for the allowed backup braking time after that the line voltage might drop and the hscb will in that case be opened almost immediately the line voltage relay is set high at a lower value than 400 v but it is very unlikely that the line voltage is kept in the range between line voltage relay level and 400 v the hscb shall for that reason be re closed when the line voltage relay indicates line voltage the hscb shall not re close after open due to line under voltage until the hscb minimum under voltage opening time has elapsed the hscb shall not be reclosed after a detected level 1 earth fault or an isolation due to repeated level 2 earth faults,c32,r78,0.65,0.35
the lcb shall be opened on request from tcms,event hscb opened by overcurrent set when negative edge of any either hscb closed or hscb closed and hscb hold order feedback set and hold order command setconsequence command open hscb system shall be isolated if too many failures px lcbopovcurcnt are detected within a certain time period pt lcbopovcurwnd,c31,r79,0.46,0.54
the lcb shall be closed on request from tcms when line voltage is detected and no interlocking is present,event hscb does not close caused by hold line trip out feedback set when the line trip chain is broken when all detectable conditions were set hscb hold order set and hscb hold line trip out feedback not received within timeconsequence command open hscb system shall be isolated if too many failures px lcbclcnt are detected within a certain time period pt lcbclwnd,c37,r80,0.51,0.49
optional the lcb shall automatically be closed after opening due to a temporary protective shutdown,event hscb does not close set when the hscb has not closed within time when all detectable conditions were set the detection for non closing hscb shall be when hscb hold order and hscb hold order feedback set and hscb hold line trip out set and negative edge of hscb close order and no hscb closed feedback or no hscb closed feedbackconsequence command open hscb system shall be isolated if too many failures px lcbclcnt are detected within a certain time period pt lcbclwnd,c36,r81,0.56,0.43999999999999995
at order to close lcb both close and hold signal shall be sent to the lcb at the same time the hold order shall be set as long as the lcb shall be closed the close order shall be a pulse during param seconds,event hscb does not close set when the hscb has not closed within time when all detectable conditions were set the detection for non closing hscb shall be when hscb hold order and hscb hold order feedback set and hscb hold line trip out set and negative edge of hscb close order and no hscb closed feedback or no hscb closed feedbackconsequence command open hscb system shall be isolated if too many failures px lcbclcnt are detected within a certain time period pt lcbclwnd,c36,r82,0.64,0.36
normal opening of the lcb shall be delayed param to allow the motor converters reduce the tractive braking effort before the lcb is opened in emergency cases the lcb shall be opened with no delay,hscb shall be opened after a configurable distance when in backup braking to make sure that the line voltage is not raised in case of disconnected substations if the distance is exceeded the motor converters shall be blocked the hscb shall not be reclosed until line voltage is detected,c87,r83,0.58,0.42000000000000004
after the lcb has opened it shall be open at least a minimum time param before it is allowed to close again,event hscb does not close set when the hscb has not closed within time when all detectable conditions were set the detection for non closing hscb shall be when hscb hold order and hscb hold order feedback set and hscb hold line trip out set and negative edge of hscb close order and no hscb closed feedback or no hscb closed feedbackconsequence command open hscb system shall be isolated if too many failures px lcbclcnt are detected within a certain time period pt lcbclwnd,c36,r84,0.56,0.43999999999999995
lcb cannot close the lcb shall be opened and event lcb cannot close shall be indicated when the lcb is ordered to hold but no lcb hold feedback is received the high voltage system shall be isolated after too many indications within a time limit until fault reset or psw restart,event hscb does not close set when the hscb has not closed within time when all detectable conditions were set the detection for non closing hscb shall be when hscb hold order and hscb hold order feedback set and hscb hold line trip out set and negative edge of hscb close order and no hscb closed feedback or no hscb closed feedbackconsequence command open hscb system shall be isolated if too many failures px lcbclcnt are detected within a certain time period pt lcbclwnd,c36,r85,0.67,0.32999999999999996
lcb cannot open the high voltage system shall be isolated reported to tcms within 2 s to lower the pantograph and protective shutdown shall be ordered and event lcb cannot open shall be indicated when the lcb is ordered to open but lcb hold feedback is still received the isolation shall be set until fault reset or psw restart,event hscb opened by overcurrent set when negative edge of any either hscb closed or hscb closed and hscb hold order feedback set and hold order command setconsequence command open hscb system shall be isolated if too many failures px lcbopovcurcnt are detected within a certain time period pt lcbopovcurwnd,c31,r86,0.61,0.39
lcb close without order protective shutdown shall be initiated and event lcb close without order shall be indicated when lcb hold feedback is detected and lcb hold order has not been set the high voltage system shall be isolated after too many indications within a time limit until fault reset or psw restart,event hscb does not close set when the hscb has not closed within time when all detectable conditions were set the detection for non closing hscb shall be when hscb hold order and hscb hold order feedback set and hscb hold line trip out set and negative edge of hscb close order and no hscb closed feedback or no hscb closed feedbackconsequence command open hscb system shall be isolated if too many failures px lcbclcnt are detected within a certain time period pt lcbclwnd,c36,r87,0.68,0.31999999999999995
lcb open without order lcb shall be opened and event possible line overcurrent detected or lcb is faulty shall be indicated when the lcb hold feedback suddenly disappears while the lcb hold order was high the high voltage system shall be isolated after too many indications within a time limit until fault reset or psw restart,event hscb opened by overcurrent set when negative edge of any either hscb closed or hscb closed and hscb hold order feedback set and hold order command setconsequence command open hscb system shall be isolated if too many failures px lcbopovcurcnt are detected within a certain time period pt lcbopovcurwnd,c31,r88,0.66,0.33999999999999997
a fast shutdown fs blocks the converter opens the separation contactor by digital output and discharges the dc link the lcb remains closed fast shutdown is sent to all control units of one dc link in order to get the reaction in all units simultaneously when a fast shutdown fs is requested by a protective supervision within the lcm and the mcm the following actions shall be done 1 blocking of all igbt connected to the related converters except the ovp brake chopper igbt 2 open the charging and separation contactors except fs caused by the acm 3 discharge the dc link after the separation contactors is opened 4 open the auxiliary load contactor 5 the lcb remains closed 6 fast shutdown within the lcm or the mcm is sent to all units of one dc link when a fs is requested by a protective supervision within the acm the following actions are done 1 blocking of all igbt connected to the related acm 2 open the auxiliary load contactor,the converter shall be stopped and event shall be indicated when the converter is manually cutout by setting a local parameter cut out of an mcm shall stop it and open its charging and separation contactors but the dc link shall still be allowed to be charged to uphold the dc link voltage not to be mixed with the traction cut out not in propulsion control a traction cut out switch is fitted in seat bay 1 9 on a c c d cars when operated this isolates the following inputs to the psw on that unit only overload and aux set overload trip and test motor actuate brake actuate traction test train protected forward reverse,c2,r89,0.58,0.42000000000000004
a fast shutdown fs blocks the converter opens the separation contactor by digital output and discharges the dc link the lcb remains closed fast shutdown is sent to all control units of one dc link in order to get the reaction in all units simultaneously when a fast shutdown fs is requested by a protective supervision within the lcm and the mcm the following actions shall be done 1 blocking of all igbt connected to the related converters except the ovp brake chopper igbt 2 open the charging and separation contactors except fs caused by the acm 3 discharge the dc link after the separation contactors is opened 4 open the auxiliary load contactor 5 the lcb remains closed 6 fast shutdown within the lcm or the mcm is sent to all units of one dc link when a fs is requested by a protective supervision within the acm the following actions are done 1 blocking of all igbt connected to the related acm 2 open the auxiliary load contactor,the converter shall be stopped and event shall be indicated when the converter is manually cutout by setting a local parameter cut out of an mcm shall stop it and open its charging and separation contactors but the dc link shall still be allowed to be charged to uphold the dc link voltage not to be mixed with the traction cut out not in propulsion control a traction cut out switch is fitted in seat bay 1 9 on a c c d cars when operated this isolates the following inputs to the psw on that unit only overload and aux set overload trip and test motor actuate brake actuate traction test train protected forward reverse,c2,r90,0.58,0.42000000000000004
the fault status shall be reported to tcms for each propulsion system each dc link and each converter when the actual system converter cannot be activated due to faults that are set permanently until fault reset or psw restart,each dcu m and apu converter shall indicate faulty when the actual converter cannot be activated due to faults that are set permanently until fault reset or psw is restarted,c16,r91,0.68,0.31999999999999995
the state of operation for all the converters shall be defined 1 3 computer initialization 4 dc link is discharged 6 dc link is charged 9 converter is in operation 10 stop operation 12 discharge dc link 20 39 protective states 31 converter is isolated,soft shutdown shall be ordered and event three phase bus not available shall be indicated when the converter is started filtered with a delay on for three phase start up and three phase system bus not active filtered with a delaysoft shutdown shall be set until 3 phase system bus is active or fault reset or psw restart,c105,r92,0.59,0.41000000000000003
the converter shall be stopped and event shall be indicated when the converter is manually cut out either via command from tcms or via set of local parameter cut out of the mcm shall stop the actual mcm cut out of the mcm in dc mode shall stop the actual mcm and open it s charging and separation contactors but the dc link shall still be allowed to be charged to uphold the dc link voltage cut out of the acm shall stop the actual acm,the converter shall be stopped and event shall be indicated when the converter is manually cutout by setting a local parameter cut out of an mcm shall stop it and open its charging and separation contactors but the dc link shall still be allowed to be charged to uphold the dc link voltage not to be mixed with the traction cut out not in propulsion control a traction cut out switch is fitted in seat bay 1 9 on a c c d cars when operated this isolates the following inputs to the psw on that unit only overload and aux set overload trip and test motor actuate brake actuate traction test train protected forward reverse,c2,r93,0.77,0.22999999999999998
the voltage and current sensors in the converter shall be dc offset calibrated before the converter can be activated the lcb shall be opened all converters shall be stopped and the dc link shall be discharged during calibration to ensure no currents the dc link shall actively be discharged during calibration to ensure no dc link voltage,the voltage and current sensors in the converter shall be dc offset calibrated before the converter can be activated this shall be done after each startup of dcu m at dcu m start up open separation and charging contactors in mcm calibrate dc link voltage dc link current and phase current sensorswhen shed supply switch is in track position inhibit close of hscb close separation contactors calibrate line voltage and line current sensors while mcm1 removes any remaining dc line voltagethe self test shall not be activated during sensor calibration,c3,r94,0.69,0.31000000000000005
the brake chopper interlacing angle 0 360 degree shall be calculated based on how many brake choppers that are in use and their positions the first used mcm 1 4 with not isolated brake chopper ovp shall be set as brake chopper interlacing master in case each motor converter includes two brake choppers the interlacing angle 0 180 degree shall only be calculated for the primary brake chopper ovp1,from the measured currents a current limit per mcm shall be calculated in psw and distributed to the two mcms to regulate the line current the mcm current shall be limited by dissipating the excessive braking power in the brake choppers and not limiting the brake effort until the brake chopper has reached any limitations the total line current regenerated to the line of a 2 car unit including auxiliaries shall not exceed 1000a the current through the line inductors shall be limited to below 530a the figure below shows the available current measurement positions for the function,c120,r95,0.55,0.44999999999999996
the incoming power shall be calculated as the dc link power udc idc the outgoing power shall be calculated as the sum of the mcm power the acm power and the ovp brake chopper power the dc link power balance supervision shall only be activated when all power signals for incoming and outgoing power are valid soft shutdown shall be performed and event dc link power balance fault shall be indicated when the absolute value of the difference between incoming and outgoing power is above 100 kw for longer than 3 s the dc link shall be isolated if the failure is detected 3 times within 30 minutes until fault reset or psw restart,5 of the ultimate dynamic brake effort shall be established within 500 ms of the tractive effort reaching zero following a valid service brake demand unwarranted mcm power output variations jerk rate outside defined limits shall be detected and prevented within 1s the psw shall contain the jerk rate limitation function the function in the dcu m shall only be used as a backup if psw fails to limit the jerk,c137,r96,0.55,0.44999999999999996
the faulty converter shall be blocked and event shall be indicated for each converter if its measurement value differs from the median calculated value more than 100 v during 1 s the faulty converter shall be isolated if 3 faults are detected within 30 minutes until fault reset or psw restart,each dcu m and apu converter shall indicate faulty when the actual converter cannot be activated due to faults that are set permanently until fault reset or psw is restarted,c16,r97,0.71,0.29000000000000004
at least two converters from which at least one converter including an active ovp unit must have a valid dc link voltage measurement due the requirement of at least one active overvoltage protection ovp if not fault shall be indicated and charge of the dc link shall be inhibited within 10 seconds,when two or more ovp s are in use and one of them is unavailable the unavailable ovp shall be isolated the ovp shall be considered unavailable when the corresponding dcu m is isolated or is blocked due to dc link voltage measurement failure or has a communication faultif none of the ovps in the dc link are available neither of the ovps shall be commanded to be isolated central line has only one ovp in each dc link and shall therefore not isolate the ovp,c18,r98,0.66,0.33999999999999997
passive discharge test shall be used for supervision of the dc link capacitance and the passive discharge resistor passive discharge shall be tested as a part of the automatic train test every n th day parameter to test the passive discharge the dc link shall be passively discharged from nominal dc link voltage to a certain level in a certain time it is not necessary to perform the test all the way down to 50v soft shutdown shall be initiated if the passive discharge rate is too fast indicating faulty capacitor dc link capacitor the dc link shall be isolated if the dc link capacitor test fails repeatedly until fault reset event shall be indicated if the test has not been performed within n th days the converter connected to the dc link shall be blocked if the test has not been performed within n m parameter days,passive discharge shall be tested annually or more frequently to test the passive discharge the dc link shall be passively discharged from nominal dc link voltage to a certain level in a certain time it is not necessary to perform the test all the way down to 50v the test is performed in traction test if the dc link is discharged too fast it indicates faulty capacitance in the dc link if the dc link is discharged too slow it indicates faulty discharging resistor,c15,r99,0.83,0.17000000000000004
during operation any earth fault in the power chain shall be detected from and including the propulsion windings of the main transformer to and including the stator windings of the traction motors and to and including the primary windings of the auxiliary power 3 phase transformer when an earth fault is detected the acm and mcm converters shall temporarily be blocked by activation of one converter module after another it is possible to locate the earth fault if the earth fault is located to the three phase load of one of the converter modules that converter module shall permanently be blocked and the rest of the system shall continue its operation,earth fault in high voltage if the earth fault remains when the apu and mcm converters are blocked with open separation contactors the earth fault is most likely located in the high voltage cable line inductors or in the compressor soft shutdown shall be performed and event earth fault in high voltage if compressor contactor is open or earth fault in high voltage or compressor if compressor contactor is closed shall be indicated if the earth fault remains when the apu and mcm converters are blocked with open separation contactors the propulsion system shall be isolated if the failure is detected 3 times within 30 minutes,c13,r100,0.73,0.27
earth fault in high voltage system after dc lcb if earth fault is detected when the dc lcb is closed but the charging and separation contactors are open the earth fault is in the cabling between dc lcb and dc link charging circuit the dc lcb shall be opened and event earth fault in high voltage system shall be indicated if earth fault is detected when the dc lcb is closed but the charging and separation contactors are open the dc lcb shall be isolated if the failure is detected 3 times within 30 minutes until fault reset,earth fault in high voltage if the earth fault remains when the apu and mcm converters are blocked with open separation contactors the earth fault is most likely located in the high voltage cable line inductors or in the compressor soft shutdown shall be performed and event earth fault in high voltage if compressor contactor is open or earth fault in high voltage or compressor if compressor contactor is closed shall be indicated if the earth fault remains when the apu and mcm converters are blocked with open separation contactors the propulsion system shall be isolated if the failure is detected 3 times within 30 minutes,c13,r101,0.75,0.25
earth fault in dc link if the earth fault remains when the converters are blocked the earth fault is located in the dc link or in the high voltage cable soft shutdown shall be performed and event earth fault in dc link shall be indicated if the earth fault remains when the converters are blocked the propulsion system shall be isolated if the failure is detected 3 times within 30 minutes until fault reset,earth fault in high voltage if the earth fault remains when the apu and mcm converters are blocked with open separation contactors the earth fault is most likely located in the high voltage cable line inductors or in the compressor soft shutdown shall be performed and event earth fault in high voltage if compressor contactor is open or earth fault in high voltage or compressor if compressor contactor is closed shall be indicated if the earth fault remains when the apu and mcm converters are blocked with open separation contactors the propulsion system shall be isolated if the failure is detected 3 times within 30 minutes,c13,r102,0.82,0.18000000000000005
earth fault mcm after activation of the auxiliary converter the motor converter shall be activated in order to determine if the earth fault is on the three phase output side of the converter if when earth fault is detected the motor converter shall be isolated and event earth fault mcm shall be indicated until fault reset,earth fault mcm after activation of the apu with no earth fault detected the mcms shall in sequence be restarted first charge the mcm to detect earth fault in mcm dc link if earth fault is detected the motor converter shall be isolated and event earth fault mcm dc link shall be indicated after charging the motor converter shall be activated to determine if the earth fault is on the three phase output side of the converter mcm motor cabling or motor if earth fault is detected the motor converter shall be isolated and event earth fault mcm shall be indicated the mcm is isolated by opening of separation and charging contactors it is not time critical to open contactors at single pole earth fault,c10,r103,0.8,0.19999999999999996
propulsion control shall acquire the status of the traction safe loop from tcms event shall be indicated when the status traction safe from the motor converter control unit differs from the status traction safe loop,motor against brake test in progress shall be sent to tms once the test has started and being kept high until test has finished if one mcm is not working abort test and return test failed with an event to tds and tms a failed or a passed traction test shall be communicated to tms as a status signal and an event shall be set in tds,c58,r104,0.63,0.37
the propulsion control system shall implement the following protective actions in priority order 1 protective shutdown 2 fast shutdown 3 soft shutdown 4a protective blocking chopper only for xccd 4b protective blocking phases only for xccd 5 single phase blocking fast blocking only for xccd 6 soft blocking only for mccd 7 lcb open psw 8 charge inhibit psw except for protective blocking interrupting a soft shutdown a protective action with higher priority lower number shall interrupt a protective action with lower priority higher number when a request of a protective blocking comes during a soft shutdown sequence the blocking of the converter shall be performed immediately i e the blocking shall be performed fast but the soft shutdown sequence shall not be quit,soft shutdown shall be ordered and event three phase bus not available shall be indicated when the converter is started filtered with a delay on for three phase start up and three phase system bus not active filtered with a delaysoft shutdown shall be set until 3 phase system bus is active or fault reset or psw restart,c105,r105,0.64,0.36
protective shutdown ps is the most restrictive protective action since it by opening the line trip chain hw forces the lcb to open ps is used to minimize the damage in the system in critical situations such as short circuits and high risk for fire explosion this protective action is only used when the situation is critical and there is no way to protect the propulsion system by using other actions the reason for this is to ensure a high degree of availability of the system when a protective shutdown is requested the following actions shall be done blocking of converter phases within 2 5 s if supervision via hw or 1ms if supervision via sw blocking of other converter phases connected to the same dc link within 1ms separate the faulty dc link from the supply by opening the separation contactor if dc link current is within limits else first open the line circuit breaker and then the separation contactor if pm motor is used open the motor contactor discharge the dc link one of following states shall follow a ps state the states are listed in priority order isolation re initialization discharge of converter,the converter shall be stopped and event shall be indicated when the converter is manually cutout by setting a local parameter cut out of an mcm shall stop it and open its charging and separation contactors but the dc link shall still be allowed to be charged to uphold the dc link voltage not to be mixed with the traction cut out not in propulsion control a traction cut out switch is fitted in seat bay 1 9 on a c c d cars when operated this isolates the following inputs to the psw on that unit only overload and aux set overload trip and test motor actuate brake actuate traction test train protected forward reverse,c2,r106,0.64,0.36
the lcb shall be opened when protective shutdown is initiated either from the converter control devices or from the psw itself lcb shall be opened via two paths via protective shutdown order down to the converter control devices and line trip sil2 safety related part via lcb open order to the high voltage control within the psw basic integrity part,hscb shall be opened after a configurable distance when in backup braking to make sure that the line voltage is not raised in case of disconnected substations if the distance is exceeded the motor converters shall be blocked the hscb shall not be reclosed until line voltage is detected,c87,r107,0.58,0.42000000000000004
to minimize unneeded interruptions of operation caused by external disturbances or other transient faults most of the supervised limits have an allowed number of detections within a time period if a failure becomes too frequent the related control unit performs a dc link isolation on request of isolation following sequence shall be executed for the related control unit 1 blocking of all converters connected to the dc link 2 open the charging and separation contactors 4 no essential supervision for this state shall be deactivated 5 the unit keeps the state isolation until fault reset is initiated restart of the control unit board does not reset the isolation state,when two or more ovp s are in use and one of them is unavailable the unavailable ovp shall be isolated the ovp shall be considered unavailable when the corresponding dcu m is isolated or is blocked due to dc link voltage measurement failure or has a communication faultif none of the ovps in the dc link are available neither of the ovps shall be commanded to be isolated central line has only one ovp in each dc link and shall therefore not isolate the ovp,c18,r108,0.57,0.43000000000000005
the dc lcb shall be opened and the dc link shall be discharged when the traction converter front cover is not closed event traction converter front cover is opened shall be indicated if the cover is open while high voltage is enabled i e when the lcb is allowed to close,the dc link shall be charged when the hscbs are closed the dc link shall be discharged when the hscbs are opened and no converter is activated it shall be possible to re start motoring within 10 seconds after a loss of the traction supply lasting up to 30 seconds it shall be possible to re start motoring within 2 seconds after a loss of the traction supply lasting up to 10 seconds,c14,r109,0.67,0.32999999999999996
it shall be possible to reduce the brake power if too many brake choppers are isolated,from the measured currents a current limit per mcm shall be calculated in psw and distributed to the two mcms to regulate the line current the mcm current shall be limited by dissipating the excessive braking power in the brake choppers and not limiting the brake effort until the brake chopper has reached any limitations the total line current regenerated to the line of a 2 car unit including auxiliaries shall not exceed 1000a the current through the line inductors shall be limited to below 530a the figure below shows the available current measurement positions for the function,c120,r110,0.54,0.45999999999999996
the event collection shall be activated when tcms reports that tds database is ready the event collection shall be delayed according to device type and position to get a staggering activation of the event collection the event collection shall not be activated within each device before the ip network towards the diagnostic unit is up and running,the event collection shall be activated when tds database reports it is ready the event collection shall be delayed according to device type and position to get a staged activation of the event collection the event collection shall not be activated within each device before the network towards the diagnostic unit is up and running,c25,r111,0.93,0.06999999999999995
condition data counters shall be sent via the ethernet network to the superior diagnostic system condition data counters shall be used for working time versus ambient temperature for all converters lcm mcm and acm propulsion control leader traction operation electrodynamic brake operation converter cooling fans main transformer cooling fans main transformer oil pump brake resistor fans motor cooling fans working distance for traction motor per mcm number of activations for propulsion control leader lcb activations fault reset converter cooling fans main transformer cooling fans main transformer oil pump brake resistor fans motor cooling fans auxiliary load contactor charging contactor separation contactor other contactors energy consumption for traction auxiliary three phase voltage auxiliary battery voltage working time under different operation modes electronic switched off switched on respectively switched on with in operation capacitor at dc link charged and at dc link in operation,condition data counters shall be stored in odbs condition data counters shall be used for a c car distance travelled b car distance travelled total energy absorbed total energy regenerated number of hscb operations number of hscb trips due to overcurrent number of a c car motor converter separation contactor operations number of a c car motor converter negative separation contactor operations number of b car motor converter separation contactor operations number of b car motor converter negative separation contactor operations number of auxiliary converter separation contactor operations number of fault reset number of a c car external fan high speed contactor operations number of a c car external low high speed contactor operations number of a c car brake resistor fan contactor operations number of b car external fan high speed contactor operations number of b car external low high speed contactor operations number of b car brake resistor fan contactor operations number of b car load shed contactor operations operating hours external fans high speed in a c car operating hours external fans high speed in b car operating hours external fans low speed in a c car operating hours external fans low speed in b car operating hours brake resistor fans in a c car operating hours brake resistor fans in b car operating hours mcm converter in a c car operating hours mcm converter in b car operating hours apu converter in b car local unit id four unit id defining the trainthe data will be stored in the psw in a non volatile memory these records can be set or reset using provided tools on a laptop pc connected to the replacement systems access point which is available in all cars if the ccu o needs replacing the values can be transferred to the new ccu o manually the condition data shall be sent to tms on the ip interface,c24,r112,0.63,0.37
