R151_query,CLT_source,CLT_source_FID,R151_query_FID,JSI_score,distance_score
"The Propulsion Control System shall acquire Vehicle Type from TCMS.

Propulsion shall be blocked and event shall be indicated if the vehicle type is not within valid ranges.",The vehicle speed shall be set invalid and event ‘Vehicle speed is faulty’ shall be indicated when all axle speeds are invalid.,c123,r1,0.23,0.77
"The SW version of the propulsion system shall be reported to TCMS.

The propulsion system shall be blocked and event ‘Software version plausibility fault’ shall be indicated when any software version of the Propulsion System Control Units does not correspond to the software baseline of the propulsion system.

The propulsion system shall not be blocked (consequence above shall be inhibited) when the SW version is a non-released test version, i.e. when the last digit in the version number (software evolution part) is not zero.",The propulsion system shall be blocked and event ‘Software version plausibility fault’ shall be indicated when any software version of the DCU/M do not correspond to the software baseline of the propulsion system.The consequence shall be inhibited during test. I.e. the propulsion system shall not be blocked when the propulsion control software evolution is not zero.,c23,r2,0.44,0.56
The requested traction and brake demand shall be selected explicitly by the TCMS and/or Brake Control System via two binary commands for traction and braking and an arithmetical tractive/braking effort reference.,Command of traction and brake shall be sent as individual binary signals to the DCU/M to be used for the validation of the tractive/braking effort reference.,c110,r3,0.29,0.71
The sign of the tractive/braking effort and the motor speed shall correspond to the selected direction. A positive effort reference shall indicate tractive effort and vehicle movement in the required direction. A negative sign shall indicate electrodynamic braking effort and vehicle movement against the required direction.,Maximum tractive effort per MCM shall be limited as a function of vehicle speed according to the following table and figure. Table: Speed and TE per MCM.,c112,r4,0.21,0.79
"The traction and electrodynamic brake reference signal shall be set individually per motor converter.

Comment: For single axle drive systems both the friction brake and the electric brake control need to be controlled per axle, otherwise the electric brake cannot be used to its full potential.",The traction demand in PSW and DCU/M shall be set low when signal Train Protected is low and the vehicle speed is above 16km/h.,c69,r5,0.17,0.83
"To simplify tests in power lab specific functions are needed e.g.

- it shall be possible to order XX% of total electric brake force","Once the ‘traction test’ has started, it shall be possible to return the ‘combined traction brake controller’ to the stowed position without affecting the ‘traction test’.",c45,r6,0.15,0.85
Demand of traction and brake shall be sent as individual binary signals to the Motor Converter Control Unit to be used for the validation of the tractive/braking effort reference.,Command of traction and brake shall be sent as individual binary signals to the DCU/M to be used for the validation of the tractive/braking effort reference.,c110,r7,0.73,0.27
"The changing rate of tractive/braking effort reference shall be limited so that the maximum jerk rate of the train does not exceed [param] m/s3 in traction and [param] m/s3 in braking.

A faster decreasing rate of tractive reference shall be possible when going directly from traction to brake demand.",Command of traction and brake shall be sent as individual binary signals to the DCU/M to be used for the validation of the tractive/braking effort reference.,c110,r8,0.21,0.79
If traction is commanded and brake is commanded then the traction/brake reference from TCMS shall be ignored.,"If wheel rotation is detected during a ‘motor against brake test’, the tractive effort shall be reduced to zero on the car concerned and report the event to TDS and TMS.",c56,r9,0.2,0.8
"The temperature sensors (if used) shall be supervised within PSW for following components:

- traction motor 1..4

- line inductor (only for DC system)

- second harmonic filter inductor (only for AC system)

- auxiliary transformer

The temperature shall be set invalid and event “temperature sensor failure” shall be indicated when the temperature sensor detects a temperature outside its valid limits.",The vehicle speed shall be set invalid and event ‘Vehicle speed is faulty’ shall be indicated when all axle speeds are invalid.,c123,r10,0.17,0.83
It shall be possible via parameter setting to define the drive direction of each individual motor axle.,Command of traction and brake shall be sent as individual binary signals to the DCU/M to be used for the validation of the tractive/braking effort reference.,c110,r11,0.19,0.81
"The requested direction shall be selected explicitly by TCMS via forward and backward drive command.

Change of selected drive direction shall only be accepted and performed if the speed is very low (mechanical axle frequency less below 5 Hz).

The sign of the tractive effort and the motor speed corresponds to the selected direction. A positive sign indicates tractive effort and vehicle movement in the required direction. A negative sign indicates electrodynamic braking effort and vehicle movement against the required direction.",The traction demand in PSW and DCU/M shall be set low when signal Train Protected is low and the vehicle speed is above 16km/h.,c69,r12,0.16,0.84
"Activation of motor converter shall be allowed when

Traction safe loop is energized AND
Forward/backward drive direction is selected AND
Vehicle speed is valid AND
The DC link is charged
The motor converter shall be activated when the motor converter is allowed to be activated and:

When moving the drive controller traction position during standstill OR
Drive controller is either set in drive or brake position during running
The motor converter shall be stopped when:

Activation of MCM is not allowed OR
The train is at standstill and no drive order during 2 seconds",The train control system is arranged to provide what is known as “two wire start”.This requires that two separate train line signals must be energised for it to be able to initiate motoring. Activation of motor converter shall be allowed when:•	Traction safe is energised AND•	Forward or Reverse drive direction is selected AND•	Motor Actuate is energised AND•	Unit speed is valid AND•	The DC link is charged (controlled by MCM)•	DC line voltage ≥ 450 VThe motor converter shall be stopped when:•	Activation of MCM is not allowed OR•	The train is at standstill and no drive order for 5 seconds OR•	DC line voltage ≤ 350 V (350 - 400 V is the needed margin to be able to activate backup braking),c5,r13,0.3,0.7
With closed DC LCB backup braking shall only be allowed during 3 seconds to make sure that the line voltage is not raised in case of disconnected substations. If the time of 3 seconds is exceeded the motor converters shall be blocked and the LCB shall open.,"HSCB shall be opened after a configurable distance, when in backup braking, to make sure that the line voltage is not raised in case of disconnected substations. If the distance is exceeded the motor converters shall be blocked. The HSCB shall not be reclosed until line voltage is detected.",c87,r14,0.44,0.56
Back-up braking shall be inhibited at speeds lower than [param] km/h.,Back-up braking shall be inhibited at speeds lower than 15 km/h.,c130,r15,0.83,0.17000000000000004
"The backup braking functionality shall maintain the auxiliary converters during line power gaps (e.g. because of a neutral section or pantograph bounce) so that no power drops in the 3-phase auxiliary distribution system shall appear.

In backup braking the motor converter shall control the traction motors to slight braking to maintain the voltage in the propulsion DC-link.","HSCB shall be opened after a configurable distance, when in backup braking, to make sure that the line voltage is not raised in case of disconnected substations. If the distance is exceeded the motor converters shall be blocked. The HSCB shall not be reclosed until line voltage is detected.",c87,r16,0.2,0.8
The heat sink temperature shall be derived as the maximum of the valid heat sink temperatures within the same converter box. If not all sensors are valid an offset shall be added to the maximum value.,"The speed inputs to create a unit speed are the axle (all driven) speeds in a 2-car unit.During braking, coasting and during start of the train the local vehicle speed shall be calculated as the second highest of all valid axle speed signals.During traction the local vehicle speed shall be calculated as the second lowest of all valid axle speed signals.",c122,r17,0.19,0.81
The internal air temperature shall be derived as the maximum of the valid internal air temperatures within the same converter box. If not all sensors are valid an offset shall be added to the maximum value.,"The speed inputs to create a unit speed are the axle (all driven) speeds in a 2-car unit.During braking, coasting and during start of the train the local vehicle speed shall be calculated as the second highest of all valid axle speed signals.During traction the local vehicle speed shall be calculated as the second lowest of all valid axle speed signals.",c122,r18,0.19,0.81
If the temperature difference between the air temperature sensors exceeds a maximum allowed difference event and status ‘Internal cooling problem’ shall be indicated.,"If wheel rotation is detected during a ‘motor against brake test’, the tractive effort shall be reduced to zero on the car concerned and report the event to TDS and TMS.",c56,r19,0.17,0.83
The MCM line inductor temperature shall be estimated when temperature sensor is not used or when the measured temperature is not valid.,"DC link voltage shall be used as line voltage when measured line voltage is not valid. The measured DC link voltage shall be transformed to DC line voltage by calculating the voltage drop over the line inductor. Prioritize DC link voltage in following order:1. Estimated DC line voltage from DC link voltage in MCM1, if valid.2. Estimated DC line voltage from DC link voltage in MCM2, if valid.3. Estimated DC line voltage from DC link voltage in APU, if DC link voltage in APU is valid.HSCB shall be inhibited from close if no valid line voltage can be measured or estimated.",c100,r20,0.25,0.75
Traction and brake effort shall be reduced according to a linear function and event “Converter internal air high temperature” shall be indicated when the maximum internal air temperature exceeds [Param] ºC.,"If wheel rotation is detected during a ‘motor against brake test’, the tractive effort shall be reduced to zero on the car concerned and report the event to TDS and TMS.",c56,r21,0.23,0.77
"Soft shutdown shall be initiated and event “Converter internal air over temperature” shall be indicated within 30 minutes if the maximum internal air temperature exceeds [Param] ºC.

The soft shutdown shall be reset after the maximum internal air temperature falls below [Param] ºC.

The DC link shall be isolated if over temperature is detected 3 times within 30 minutes until fault reset or PSW restart.","Unwarranted regenerationRegeneration inhibit supervision shall be enabled when line voltage is outside the allowed range for regenerative braking. That is, if line voltage is below 400 V or above maximum voltage. Maximum voltage depends on which train lines are set:- with rheostatic braking only train line set: 650 V- without rheostatic braking only and without regeneration level select set: 800 V- without rheostatic braking only but with regeneration level select set: 900 VSoft shutdown shall be initiated and event ‘DC line regeneration inhibit failure’ shall be set with delay [Pt_DcRegInhILo] when:- Regeneration inhibit supervision is enabled AND- DC line current is valid and less than [PI_DcRegInhLo] AND- Integrated/accumulated DC line current is below [PI_DcRegInhLoAcc] for a time delayConsequence:Soft shutdown shall be initiated during a minimum time [Pt_DcRegInhSfSdMn].If 3 faults are detected within 30 minutes, the DC link shall be isolated, and event indicated until fault reset or PSW restart.",c141,r22,0.22,0.78
Regeneration shall be inhibited and the traction effort shall be reduced within 5 seconds according to a linear function and event “Line inductor high temperature” shall be indicated when the line inductor temperature exceeds [param] ºC.,Maximum tractive effort per MCM shall be limited as a function of vehicle speed according to the following table and figure. Table: Speed and TE per MCM.,c112,r23,0.2,0.8
"Soft shutdown shall be performed, and event “Line inductor over temperature” shall be indicated if the line inductor temperature exceeds [param] ºC.

The soft shutdown shall be reset after the line inductor temperature falls below [Param] ºC.

The converter shall be isolated if over temperature is detected 3 times within 30 minutes until fault reset or PSW restart.","Earth fault in High voltage:If the earth fault remains when the APU and MCM converters are blocked with open separation contactors, the earth fault is most likely located in the high voltage cable, line inductors or in the compressor.Soft shutdown shall be performed and event “Earth fault in high voltage” if compressor contactor is open or “Earth fault in high voltage or compressor” if compressor contactor is closed shall be indicated if the earth fault remains when the APU and MCM converters are blocked with open separation contactors.The propulsion system shall be isolated if the failure is detected 3 times within 30 minutes.",c13,r24,0.24,0.76
The total brake effort for the DC-link shall be reduced according to a linear function and event “High brake chopper semiconductor temperature” shall be indicated when the max value of all brake chopper semiconductor temperatures in the converter box exceeds [Param] ºC.,The braking effort (kN) input to propulsion shall in normal operation be the Traction/Brake PWM signal.The brake effort is expressed for a tare loaded car and shall be load compensated.,c71,r25,0.22,0.78
The total brake effort for the DC-link shall be reduced according to a linear function and event “High brake resistor temperature” shall be indicated when the max value of all brake resistor temperatures in the converter box exceeds [Param] ºC.,The braking effort (kN) input to propulsion shall in normal operation be the Traction/Brake PWM signal.The brake effort is expressed for a tare loaded car and shall be load compensated.,c71,r26,0.22,0.78
At least one working OVP shall be tested every time the DC link is charged. If all OVP units are detected faulty the test shall be repeated three times thereafter the DC link shall be isolated until fault reset or PSW restart.,Each DCU/M and APU converter shall indicate faulty when the actual converter cannot be activated due to faults that are set permanently until fault reset or PSW is restarted.,c16,r27,0.22,0.78
At least one working OVP shall be tested every time the DC link is charged. If all OVP units are detected faulty the test shall be repeated three times thereafter the DC link shall be isolated until fault reset or PSW restart.,Each DCU/M and APU converter shall indicate faulty when the actual converter cannot be activated due to faults that are set permanently until fault reset or PSW is restarted.,c16,r28,0.22,0.78
"Charge DC link in DC mode

The charging contactor shall be used for charge of the DC link by connecting the DC line voltage to the DC link via the charging resistor.

The charging contactor shall only be closed during the charging sequence of the DC link.

The separation contactor shall be used to connect and separate the DC link from the DC line.

During the charging sequence, the DC link voltage shall be rising above [param] V within a maximum charging time param] before closing the separation contactor.","DC link voltage shall be used as line voltage when measured line voltage is not valid. The measured DC link voltage shall be transformed to DC line voltage by calculating the voltage drop over the line inductor. Prioritize DC link voltage in following order:1. Estimated DC line voltage from DC link voltage in MCM1, if valid.2. Estimated DC line voltage from DC link voltage in MCM2, if valid.3. Estimated DC line voltage from DC link voltage in APU, if DC link voltage in APU is valid.HSCB shall be inhibited from close if no valid line voltage can be measured or estimated.",c100,r29,0.17,0.83
"The charging contactor shall not break current and shall not be opened until the separation contactor is closed.

The minimum time between separation contactor open and close order shall be at least 1500 ms.",Double pole earth faultThe propulsion system shall be disconnected from the line (i.e. isolated) and inform the TMS and diagnostic system if double pole earth fault occurs.Protective shutdown shall be performed when the double pole earth fault detection is active for 100 ms. The HSCB shall be opened with a 100 ms time delay when the double pole earth fault is detected and the unit shall be isolated until fault reset.,c8,r30,0.17,0.83
"Soft shutdown shall be performed, and an event shall be indicated when a charging contactor close order and feedback differ for more than [Param].

The converter shall be isolated if the failure is detected 3 times within 30 minutes until fault reset or PSW restart.","Earth fault in High voltage:If the earth fault remains when the APU and MCM converters are blocked with open separation contactors, the earth fault is most likely located in the high voltage cable, line inductors or in the compressor.Soft shutdown shall be performed and event “Earth fault in high voltage” if compressor contactor is open or “Earth fault in high voltage or compressor” if compressor contactor is closed shall be indicated if the earth fault remains when the APU and MCM converters are blocked with open separation contactors.The propulsion system shall be isolated if the failure is detected 3 times within 30 minutes.",c13,r31,0.27,0.73
"Protective shutdown shall be performed, and event shall be indicated when a charging contactor opening order and feedback differ for more than [Param].

The converter shall be isolated if the failure is detected 3 times within 30 minutes until fault reset or PSW restart.","Earth fault in High voltage:If the earth fault remains when the APU and MCM converters are blocked with open separation contactors, the earth fault is most likely located in the high voltage cable, line inductors or in the compressor.Soft shutdown shall be performed and event “Earth fault in high voltage” if compressor contactor is open or “Earth fault in high voltage or compressor” if compressor contactor is closed shall be indicated if the earth fault remains when the APU and MCM converters are blocked with open separation contactors.The propulsion system shall be isolated if the failure is detected 3 times within 30 minutes.",c13,r32,0.27,0.73
"Protective shutdown shall be performed, and event shall be indicated when the charging contactor is inhibited to open due to too high line circuit current.",The propulsion system shall be blocked and event ‘Software version plausibility fault’ shall be indicated when any software version of the DCU/M do not correspond to the software baseline of the propulsion system.The consequence shall be inhibited during test. I.e. the propulsion system shall not be blocked when the propulsion control software evolution is not zero.,c23,r33,0.22,0.78
If the charging contactor cannot open the LCB shall be inhibited to close.,It shall be possible to disable start of APU from PSW during e.g. earth fault detection sequence. The APU shall open its separation contactor when disabled from start.,c4,r34,0.16,0.84
"Protective shutdown shall be performed, and event shall be indicated when a separation contactor opening order and feedback differ for more than a certain time.

The converter shall be isolated if the failure is detected 3 times within 30 minutes until fault reset or PSW restart.","Earth fault in High voltage:If the earth fault remains when the APU and MCM converters are blocked with open separation contactors, the earth fault is most likely located in the high voltage cable, line inductors or in the compressor.Soft shutdown shall be performed and event “Earth fault in high voltage” if compressor contactor is open or “Earth fault in high voltage or compressor” if compressor contactor is closed shall be indicated if the earth fault remains when the APU and MCM converters are blocked with open separation contactors.The propulsion system shall be isolated if the failure is detected 3 times within 30 minutes.",c13,r35,0.29,0.71
If the separation contactor cannot open the LCB shall be inhibited to close.,It shall be possible to disable start of APU from PSW during e.g. earth fault detection sequence. The APU shall open its separation contactor when disabled from start.,c4,r36,0.19,0.81
"Protective shutdown shall be performed, and event shall be indicated when the separation contactor is inhibited to open due to too high line circuit current.","Earth fault in High voltage:If the earth fault remains when the APU and MCM converters are blocked with open separation contactors, the earth fault is most likely located in the high voltage cable, line inductors or in the compressor.Soft shutdown shall be performed and event “Earth fault in high voltage” if compressor contactor is open or “Earth fault in high voltage or compressor” if compressor contactor is closed shall be indicated if the earth fault remains when the APU and MCM converters are blocked with open separation contactors.The propulsion system shall be isolated if the failure is detected 3 times within 30 minutes.",c13,r37,0.23,0.77
"Before discharge of the DC link, the charging and separation contactors shall be opened.

For the discharge of the DC link, the OVP shall be fired for a certain period of time so the that the capacitors discharges within 10 seconds to a level below 60 volts.",The DC link shall be charged when the HSCBs are closed.The DC link shall be discharged when the HSCBs are opened and no converter is activated.It shall be possible to re-start motoring within 10 seconds after a loss of the ‘traction supply’ lasting up to 30 seconds.It shall be possible to re-start motoring within 2 seconds after a loss of the ‘traction supply’ lasting up to 10 seconds.,c14,r38,0.19,0.81
"Protective shutdown shall be performed, and an event shall be indicated when the DC-link voltage, while charging, does not rise above a certain level within a certain time.

The converter shall be isolated if the failure is detected 3 times within 30 minutes until fault reset.","Earth fault in High voltage:If the earth fault remains when the APU and MCM converters are blocked with open separation contactors, the earth fault is most likely located in the high voltage cable, line inductors or in the compressor.Soft shutdown shall be performed and event “Earth fault in high voltage” if compressor contactor is open or “Earth fault in high voltage or compressor” if compressor contactor is closed shall be indicated if the earth fault remains when the APU and MCM converters are blocked with open separation contactors.The propulsion system shall be isolated if the failure is detected 3 times within 30 minutes.",c13,r39,0.24,0.76
"Protective shutdown shall be performed, and an event shall be indicated if the DC link is discharged but the DC link voltage does not decrease below [param] V.",Event ‘Earth fault measurement failure’ shall be indicated if the earth fault is not detected during the earth fault detection test.,c50,r40,0.21,0.79
"The charging resistor temperature shall be calculated based on either actual DC-link current if this is available or dv/dt according to the DCU2 function used today. This to ensure that function is valid even if no current sensor is mounted (as some ACMs).



In case there is a DC-link current sensor available; In the case that UDC is not increasing (as during short circuit) the DC-link current sensor value shall be used for energy calculation instead of the fixed energy used in today's model. The function with DC-link current sensor will ensure that external problems like LCB opening , line voltage drop do not result in a faulty calculated temperature.



In case there is no DC-link current sensor; the todays DCU2 function for energy calculation shall be used.



Charging shall be inhibited if overtemperature is expected due to the estimated charging resistor temperature at start of the charging.","DC link voltage shall be used as line voltage when measured line voltage is not valid. The measured DC link voltage shall be transformed to DC line voltage by calculating the voltage drop over the line inductor. Prioritize DC link voltage in following order:1. Estimated DC line voltage from DC link voltage in MCM1, if valid.2. Estimated DC line voltage from DC link voltage in MCM2, if valid.3. Estimated DC line voltage from DC link voltage in APU, if DC link voltage in APU is valid.HSCB shall be inhibited from close if no valid line voltage can be measured or estimated.",c100,r41,0.15,0.85
Vehicle speed and valid train speed shall be acquired from TCMS.,Standstill status shall be set when the unit vehicle speed is valid and below +/-0.2 km/h.,c124,r42,0.24,0.76
The vehicle speed shall be set to the vehicle speed calculated by TCMS when the vehicle speed signal from TCMS is valid.,The traction demand in PSW and DCU/M shall be set low when signal Train Protected is low and the vehicle speed is above 16km/h.,c69,r43,0.37,0.63
"If the TCMS signal is not valid the vehicle speed shall locally be calculated based on the axle speed signals from the Motor Converter Control Unit.

During braking, coasting and during start of the train the local vehicle speed shall be calculated as the second highest of all valid axle speed signals.

During traction, the local vehicle speed shall be calculated as the second lowest of all valid axle speed signals.

The highest respectively the lowest axle speed shall be used when not all speed signals are valid.","The speed inputs to create a unit speed are the axle (all driven) speeds in a 2-car unit.During braking, coasting and during start of the train the local vehicle speed shall be calculated as the second highest of all valid axle speed signals.During traction the local vehicle speed shall be calculated as the second lowest of all valid axle speed signals.",c122,r44,0.42,0.5800000000000001
The local vehicle speed (calculated wheel speed) shall be set invalid and event ‘Wheel speed is faulty’ shall be indicated when all axle speed signals are invalid.,The vehicle speed shall be set invalid and event ‘Vehicle speed is faulty’ shall be indicated when all axle speeds are invalid.,c123,r45,0.68,0.31999999999999995
"Standstill status shall be set when

- standstill is detected by TCMS while the vehicle speed signal from TCMS is valid

or

- when the local vehicle speed is valid and below 0.2 km/h while the vehicle speed signal from TCMS is invalid",Standstill status shall be set when the unit vehicle speed is valid and below +/-0.2 km/h.,c124,r46,0.45,0.55
"The wheel diameter calibration shall be enabled with 3 s delay at following conditions:

- Vehicle speed calculation is valid

- Calibrated speed is valid

- Traction/braking effort reference (relative reference) is less than 5 %

- Traction/braking effort reference (absolute value) is less than 5 kN

- Emergency brake is not activated

- Friction brake is not applied

- Vehicle speed derivative is less than 0.5 km/h/s

- Slip/slide has not been active during 60 s.

- Enable wheel diamater calibration is set from TCMS",The wheel diameter calibration shall be enabled with 3 s delay at following conditions:∙	Vehicle speed calculation is valid AND∙	Fast increase of brake effort is not activated AND∙	Traction/braking effort reference (relative reference) is less than tractive/brake effort limitation [PX_EnCalWhDmFMa] AND∙	Traction/braking effort reference (absolute value) is less than tractive/brake effort limitation [PE_EnCalWhDmFMa] AND∙ Vehicle speed is greater than a speed level as a function of maximum wheel speed error of all axles as specified in the figure below (large difference allows calibration at lower speed) AND∙	Slip/slide has not been active during the time [Pt_EnCalWhDmSs] AND∙	Maximum wheel speed difference is not to high AND∙	Reference speed for wheel diameter calibration is valid AND∙	The reference speed derivate is within speed derivative limitation [P_EnCalWhDmDerL],c126,r47,0.39,0.61
The wheel diameter calibration shall be disabled at low vehicle speed depending of the maximum wheel speed error of all axles. Large difference allows calibration at lower speed. Figure: Enable wheel speed calibration as a function of max wheel speed error,"The wheel diameter calibration shall be disabled at low vehicle speed depending of the maximum wheel speed error of all axles. Large difference allows calibration at lower speed. Figure: Enable wheel speed calibration as a function of max wheel speed error, levels are parameterized.",c125,r48,0.88,0.12
Wheel diameter calibration shall not be enabled and event ‘Calibrated speed faulty’ shall be indicated if the calibrated speed is not valid.,The vehicle speed shall be set invalid and event ‘Vehicle speed is faulty’ shall be indicated when all axle speeds are invalid.,c123,r49,0.28,0.72
Wheel diameter calibration shall not be enabled and event ‘Difference in calibrated and vehicle speed’ shall be indicated if the difference between calibrated speed and vehicle speed is greater than 10 km/h.,Standstill status shall be set when the unit vehicle speed is valid and below +/-0.2 km/h.,c124,r50,0.24,0.76
Event ‘Speed calibration is needed’ shall be indicated after a delay when the maximum wheel speed difference of all motor axles is too high and slip is not detected.,"Event ‘Speed calibration is needed’ shall be indicated after a delay when the maximum wheel speed difference of all motor axles is too high and, slip is not detected.",c128,r51,0.93,0.06999999999999995
"In traction backup mode it shall be possible to activate the propulsion system and operate the train with restricted speed without MVB communication from TCMS.

This implies that all vital propulsion function shall be controlled via train lines including:

- MCM activation

- Traction reference (only mechanical brake)

- Forward/backward drive direction",The train control system is arranged to provide what is known as “two wire start”.This requires that two separate train line signals must be energised for it to be able to initiate motoring. Activation of motor converter shall be allowed when:•	Traction safe is energised AND•	Forward or Reverse drive direction is selected AND•	Motor Actuate is energised AND•	Unit speed is valid AND•	The DC link is charged (controlled by MCM)•	DC line voltage ≥ 450 VThe motor converter shall be stopped when:•	Activation of MCM is not allowed OR•	The train is at standstill and no drive order for 5 seconds OR•	DC line voltage ≤ 350 V (350 - 400 V is the needed margin to be able to activate backup braking),c5,r52,0.15,0.85
"When DC system is selected, the tractive effort shall be limited as a function of DC link voltage according to the figure below.

When DC system is not selected, the tractive effort shall be set to Y1 (corresponds to max available tractive effort).

The increasing and decreasing of the limitation shall be limited by a time ramp. Figure: Tractive effort limitation due to high DC link voltage. ",Maximum tractive effort per MCM shall be limited as a function of vehicle speed according to the following table and figure. Table: Speed and TE per MCM.,c112,r53,0.25,0.75
"Regeneration of DC line current shall be inhibited due to:

- DC line inductor temperature is too high [param] OR

- DC regeneration inhibit due to low DC line voltage [param] OR

- DC regeneration inhibit due to high DC line voltage [param]","DC link voltage shall be used as line voltage when measured line voltage is not valid. The measured DC link voltage shall be transformed to DC line voltage by calculating the voltage drop over the line inductor. Prioritize DC link voltage in following order:1. Estimated DC line voltage from DC link voltage in MCM1, if valid.2. Estimated DC line voltage from DC link voltage in MCM2, if valid.3. Estimated DC line voltage from DC link voltage in APU, if DC link voltage in APU is valid.HSCB shall be inhibited from close if no valid line voltage can be measured or estimated.",c100,r54,0.14,0.86
"Soft shutdown shall be initiated and event ‘DC line regeneration inhibit failure’ shall be set when regeneration is inhibited AND integrated/accumulated DC line current is below [param].

If 3 faults are detected within 30 minutes, the DC link shall be isolated, and event indicated until fault reset or PSW restart.","Unwarranted regenerationRegeneration inhibit supervision shall be enabled when line voltage is outside the allowed range for regenerative braking. That is, if line voltage is below 400 V or above maximum voltage. Maximum voltage depends on which train lines are set:- with rheostatic braking only train line set: 650 V- without rheostatic braking only and without regeneration level select set: 800 V- without rheostatic braking only but with regeneration level select set: 900 VSoft shutdown shall be initiated and event ‘DC line regeneration inhibit failure’ shall be set with delay [Pt_DcRegInhILo] when:- Regeneration inhibit supervision is enabled AND- DC line current is valid and less than [PI_DcRegInhLo] AND- Integrated/accumulated DC line current is below [PI_DcRegInhLoAcc] for a time delayConsequence:Soft shutdown shall be initiated during a minimum time [Pt_DcRegInhSfSdMn].If 3 faults are detected within 30 minutes, the DC link shall be isolated, and event indicated until fault reset or PSW restart.",c141,r55,0.35,0.65
"The DC link current during braking shall be controlled so that the maximum DC line regenerated current (negative DC line current) is limited according to the lowest negative value of:

- DC line current limitation in braking as a function of DC line voltage",Both motor converters in the 2-car unit shall be allowed to activate backup braking to get a stable DC link voltage control.,c129,r56,0.23,0.77
"The allowed maximum current per DC link shall be calculated with respect to the maximum allowed line current per DC link and the actual ACM power. 

The ACM power shall be subtracted in braking.

The allowed maximum current shall be divided between the active motor converters connected to the actual DC link.



Offset compensation for all DC links

When the tractive/brake effort reference is limited due to maximal AC line current, the maximum, allowed power per motor converter shall be regulated such as the offset error between measured line current and the maximal line current reference is within an offset (parameter) set to a sufficient high level to avoid influences between the different DC links.



Closed loop control

Each line current measurement segment should have one DC link working as master which shall regulate the offset error between measured line current and the maximal line current reference towards zero.",The wheel diameter calibration shall be enabled with 3 s delay at following conditions:∙	Vehicle speed calculation is valid AND∙	Fast increase of brake effort is not activated AND∙	Traction/braking effort reference (relative reference) is less than tractive/brake effort limitation [PX_EnCalWhDmFMa] AND∙	Traction/braking effort reference (absolute value) is less than tractive/brake effort limitation [PE_EnCalWhDmFMa] AND∙ Vehicle speed is greater than a speed level as a function of maximum wheel speed error of all axles as specified in the figure below (large difference allows calibration at lower speed) AND∙	Slip/slide has not been active during the time [Pt_EnCalWhDmSs] AND∙	Maximum wheel speed difference is not to high AND∙	Reference speed for wheel diameter calibration is valid AND∙	The reference speed derivate is within speed derivative limitation [P_EnCalWhDmDerL],c126,r57,0.16,0.84
"DC line regeneration shall be inhibited within 100 ms, but fulfilling the jerk rate requirements, when DC line voltage is above [param].",MCM activation shall be blocked within 1s and event “Faulty traction/brake trainline status” shall be indicated when the traction/brake command is invalid but the hardwire control system inputs are otherwise correct.,c139,r58,0.17,0.83
"The DC link current during traction shall be controlled so that the maximum DC line current is limited according to the lowest value of:

- Max allowed DC line current in traction due to line voltage

- Max allowed DC line current reference from TCMS",Both motor converters in the 2-car unit shall be allowed to activate backup braking to get a stable DC link voltage control.,c129,r59,0.21,0.79
"The allowed maximum current per DC link shall be calculated with respect to the maximum allowed line current per DC link and the actual ACM power. 

The ACM power shall be subtracted in traction.

The allowed maximum current shall be divided between the active motor converters connected to the actual DC link.



Offset compensation for all DC links

When the tractive/brake effort reference is limited due to maximal AC line current, the maximum, allowed power per motor converter shall be regulated such as the offset error between measured line current and the maximal line current reference is within an offset (parameter) set to a sufficient high level to avoid influences between the different DC links.



Closed loop control

Each line current measurement segment should have one DC link working as master which shall regulate the offset error between measured line current and the maximal line current reference towards zero.",The wheel diameter calibration shall be enabled with 3 s delay at following conditions:∙	Vehicle speed calculation is valid AND∙	Fast increase of brake effort is not activated AND∙	Traction/braking effort reference (relative reference) is less than tractive/brake effort limitation [PX_EnCalWhDmFMa] AND∙	Traction/braking effort reference (absolute value) is less than tractive/brake effort limitation [PE_EnCalWhDmFMa] AND∙ Vehicle speed is greater than a speed level as a function of maximum wheel speed error of all axles as specified in the figure below (large difference allows calibration at lower speed) AND∙	Slip/slide has not been active during the time [Pt_EnCalWhDmSs] AND∙	Maximum wheel speed difference is not to high AND∙	Reference speed for wheel diameter calibration is valid AND∙	The reference speed derivate is within speed derivative limitation [P_EnCalWhDmDerL],c126,r60,0.16,0.84
Maximum tractive effort per MCM shall be limited as a function of vehicle speed defined as linear interpolation between 15 points according to the table below: Table: Maximum tractive effort per MCM.,Maximum tractive effort per MCM shall be limited as a function of vehicle speed according to the following table and figure. Table: Speed and TE per MCM.,c112,r61,0.62,0.38
Maximum electrodynamic braking effort per MCM shall be limited as a function of vehicle speed defined as linear interpolation between 15 points according to the table below: Table: Maximum electrodynamic braking effort per MCM,Maximum tractive effort per MCM shall be limited as a function of vehicle speed according to the following table and figure. Table: Speed and TE per MCM.,c112,r62,0.53,0.47
"Optional:

The temperature cycling of the IGBTs shall be limited:

∙	the traction effort reference shall be limited to 50% at start from standstill up to a minimum vehicle speed (parameter).

∙	the limitation shall be removed if the minimum vehicle speed is not reached 

- within a time delay after traction command is set AND

- within a time delay after pneumatic brake is released and vehicle speed less than 1 km/h

the braking effort reference shall be limited to 50% when braking down from a maximal vehicle speed (parameter) to standstill",The wheel diameter calibration shall be enabled with 3 s delay at following conditions:∙	Vehicle speed calculation is valid AND∙	Fast increase of brake effort is not activated AND∙	Traction/braking effort reference (relative reference) is less than tractive/brake effort limitation [PX_EnCalWhDmFMa] AND∙	Traction/braking effort reference (absolute value) is less than tractive/brake effort limitation [PE_EnCalWhDmFMa] AND∙ Vehicle speed is greater than a speed level as a function of maximum wheel speed error of all axles as specified in the figure below (large difference allows calibration at lower speed) AND∙	Slip/slide has not been active during the time [Pt_EnCalWhDmSs] AND∙	Maximum wheel speed difference is not to high AND∙	Reference speed for wheel diameter calibration is valid AND∙	The reference speed derivate is within speed derivative limitation [P_EnCalWhDmDerL],c126,r63,0.19,0.81
Event ‘Tractive test failure’ shall be indicated at MCM switching test if the line converter or the auxiliary converter or all motor converters are not activated or if achieved tractive effort are not within allowed limits.,Event ‘Tractive test failure’ shall be indicated at MCM switching test if the auxiliary converter or all motor converters are not activated.,c49,r64,0.69,0.31000000000000005
Event ‘Line trip test failure’ shall be indicated if the line trip relays are not opened during the test.,Event ‘Line trip test failure’ shall be indicated if the line trip relays are not opened during the test.,c51,r65,1.0,0.0
Event ‘Earth fault measurement failure’ shall be indicated if the earth fault is not detected during the earth fault test.,Event ‘Earth fault measurement failure’ shall be indicated if the earth fault is not detected during the earth fault detection test.,c50,r66,0.94,0.06000000000000005
"It shall via the maintenance interface or via test command from TCMS be possible to test the propulsion system.

It shall be possible to perform the test manually of individual components.

It shall be possible to perform the test in an automatic sequence.

It shall be possible to perform the test with or without activated high voltage. Table: Propulsion test.",Any fault that has led to an isolation of a converter shall be possible to reset. The reset of an isolation shall be done by the maintenance staff from a dedicated menu at the driver's desk or connecting to the propulsion maintenance port. This reset request shall then be passed from PSW to the DCU/Ms and APU through the MVB.,c21,r67,0.17,0.83
The discharged resistor test shall be performed every time a manual test is initiated. Corresponding automatic test shall only be performed each n:th day as specified by the requirement for Discharge resistor supervision.,The discharged resistor test shall be performed every time a traction test is initiated. Corresponding traction test is performed each 34:th day which will meet the requirement for discharging resistor test.,c44,r68,0.53,0.47
The Propulsion Control System shall be able to run in Power Circuit Test Mode.,The following shall be passed to the TMS and shall thus be available in the PSW:•	Battery health status•	APU is healthy•	Load shedding•	Fault triggers•	Environmental data,c106,r69,0.15,0.85
High voltage shall be activated when high voltage is enabled from TCMS.,Standstill status shall be set when the unit vehicle speed is valid and below +/-0.2 km/h.,c124,r70,0.17,0.83
"Event shall be indicated when the Line voltage is NOT considered detected when the DC LCB and separation contactor are closed, and the DC link is charged.",Event ‘Earth fault measurement failure’ shall be indicated if the earth fault is not detected during the earth fault detection test.,c50,r71,0.23,0.77
"The LCB shall be opened and event ""Emergency stop activated"" shall be indicated when emergency stop signal is detected.",The vehicle speed shall be set invalid and event ‘Vehicle speed is faulty’ shall be indicated when all axle speeds are invalid.,c123,r72,0.3,0.7
"The manual DC selector switch has three positions.

The switch shall be supervised via two binary inputs for status code 1 and 2. Position change shall be delayed [param] seconds and decoded as: Table DC selector","The manual shed supply change over switch has three positions.The position of the shed supply change over switch shall be supervised.The switch is supervised via three binary inputs as:•	Shed supply change over switch in TRACK position•	Shed supply change over switch in OFF position•	Shed supply change over switch in SHED positionShed supply change over switch in position TRACKThis is the normal position during train operation. The HSCB shall only be allowed to close when the shed supply change over switch is in TRACK position.Shed supply change over switch in position OFFThe HSCB shall be opened, and the high voltage system shall be inhibited when the train is at standstill, the digital inputs are valid, and the shed supply change over switch is in position OFF.The inhibit close of HSCB shall be reset when the digital inputs are valid, and the shed supply change over switch is in position TRACK.Event 'Shed supply change over switch in position OFF’ shall be indicated when the digital inputs are valid and shed supply change over switch in position OFF.HSCB is opened by line trip when the shed supply change over switch moves from TRACK position into OFF. DC link shall be discharged and separation contactors shall be commanded to open within 500ms if they are closed in OFF position. After 500ms they will be forced open by HW.Shed supply change over switch in position SHEDThe HSCB shall be opened when the train is at standstill, the digital inputs are valid, and the Shed supply change over switch is in position SHED.The inhibit close of HSCB shall be reset when the digital inputs are valid, and the shed supply change over switch is in position TRACK.Event 'Shed supply change over switch in position SHED’ shall be indicated when the digital inputs are valid and shed supply change over switch in position SHED.Shed supply change over switch plausibility errorThe HSCB shall be opened, and high voltage system shall be inhibited when the train is at standstill, the digital inputs are valid, and the shed supply change over switch is not in a valid position.The inhibit close of HSCB shall be reset when the digital inputs are valid, and the shed supply change over switch is in position TRACK.Event ‘Shed supply change over switch plausibility error’ shall be indicated when the digital inputs are valid and, shed supply change over switch is not in a valid position.",c33,r73,0.12,0.88
The LCB shall not be allowed to close if the DC selector switch is in position Cut-out.,Dynamic braking shall not be initiated if the traction/braking demand PWM signal is invalid.,c78,r74,0.24,0.76
"The DC LCB shall be opened and the DC link shall be discharged and the high voltage system shall be inhibited when the train is at standstill and the DC selector switch is in position Cut-out.



Event 'DC selector switch in position Cut-out’ shall be indicated when the DC selector switch in position Cut-out.",The DC link shall be charged when the HSCBs are closed.The DC link shall be discharged when the HSCBs are opened and no converter is activated.It shall be possible to re-start motoring within 10 seconds after a loss of the ‘traction supply’ lasting up to 30 seconds.It shall be possible to re-start motoring within 2 seconds after a loss of the ‘traction supply’ lasting up to 10 seconds.,c14,r75,0.2,0.8
"The DC LCB shall be opened and the DC link shall be discharged and high voltage system shall be inhibited when the train is at standstill and the DC selector switch is in not valid position.



Event ‘DC selector switch plausibility error’ shall be indicated when the DC selector switch in not valid position.","The manual shed supply change over switch has three positions.The position of the shed supply change over switch shall be supervised.The switch is supervised via three binary inputs as:•	Shed supply change over switch in TRACK position•	Shed supply change over switch in OFF position•	Shed supply change over switch in SHED positionShed supply change over switch in position TRACKThis is the normal position during train operation. The HSCB shall only be allowed to close when the shed supply change over switch is in TRACK position.Shed supply change over switch in position OFFThe HSCB shall be opened, and the high voltage system shall be inhibited when the train is at standstill, the digital inputs are valid, and the shed supply change over switch is in position OFF.The inhibit close of HSCB shall be reset when the digital inputs are valid, and the shed supply change over switch is in position TRACK.Event 'Shed supply change over switch in position OFF’ shall be indicated when the digital inputs are valid and shed supply change over switch in position OFF.HSCB is opened by line trip when the shed supply change over switch moves from TRACK position into OFF. DC link shall be discharged and separation contactors shall be commanded to open within 500ms if they are closed in OFF position. After 500ms they will be forced open by HW.Shed supply change over switch in position SHEDThe HSCB shall be opened when the train is at standstill, the digital inputs are valid, and the Shed supply change over switch is in position SHED.The inhibit close of HSCB shall be reset when the digital inputs are valid, and the shed supply change over switch is in position TRACK.Event 'Shed supply change over switch in position SHED’ shall be indicated when the digital inputs are valid and shed supply change over switch in position SHED.Shed supply change over switch plausibility errorThe HSCB shall be opened, and high voltage system shall be inhibited when the train is at standstill, the digital inputs are valid, and the shed supply change over switch is not in a valid position.The inhibit close of HSCB shall be reset when the digital inputs are valid, and the shed supply change over switch is in position TRACK.Event ‘Shed supply change over switch plausibility error’ shall be indicated when the digital inputs are valid and, shed supply change over switch is not in a valid position.",c33,r76,0.24,0.76
"The DC LCB shall be opened when the DC selector switch cover is not closed.



Event 'DC selector switch cover is opened"" shall be indicated if the cover is open while high voltage is enabled (i.e. when the LCB is allowed to close).",Event ‘Earth fault measurement failure’ shall be indicated if the earth fault is not detected during the earth fault detection test.,c50,r77,0.22,0.78
"The DC LCB shall be opened when the Shed supply cover is not closed.



Event 'Shed supply cover is opened"" shall be indicated if the cover is open while high voltage is enabled (i.e. when the LCB is allowed to close).",Event ‘Earth fault measurement failure’ shall be indicated if the earth fault is not detected during the earth fault detection test.,c50,r78,0.22,0.78
The LCB shall be opened on request from TCMS.,"here are four sections of shoe cables that shall be protected:•	The A end, positive feed from bogie to propulsion•	The D end, positive feed from bogie to propulsion•	The A end, negative feed from bogie to propulsion•	The D end, negative feed from bogie to propulsion",c84,r79,0.14,0.86
The LCB shall be closed on request from TCMS when line voltage is detected and no interlocking is present.,The vehicle speed shall be set invalid and event ‘Vehicle speed is faulty’ shall be indicated when all axle speeds are invalid.,c123,r80,0.19,0.81
"Optional:

The LCB shall automatically be closed after opening due to a temporary protective shutdown.",The braking effort (kN) input to propulsion shall in normal operation be the Traction/Brake PWM signal.The brake effort is expressed for a tare loaded car and shall be load compensated.,c71,r81,0.14,0.86
At order to close LCB both close and hold signal shall be sent to the LCB (at the same time). The hold order shall be set as long as the LCB shall be closed. The close order shall be a pulse during [param] seconds.,Traction test in progress shall be sent to TMS once the test has started and being kept high until test has finished.A failed or a passed traction test shall be communicated to TMS as a status signal and an event shall be set in TDS.,c47,r82,0.21,0.79
"Normal opening of the LCB shall be delayed [param] to allow the motor converters reduce the tractive/braking effort before the LCB is opened.

In emergency cases the LCB shall be opened with no delay.",Command of traction and brake shall be sent as individual binary signals to the DCU/M to be used for the validation of the tractive/braking effort reference.,c110,r83,0.17,0.83
"After the LCB has opened, it shall be open at least a minimum time [param] before it is allowed to close again.","Once the ‘traction test’ has started, it shall be possible to return the ‘combined traction brake controller’ to the stowed position without affecting the ‘traction test’.",c45,r84,0.17,0.83
"LCB cannot close

The LCB shall be opened and event ‘LCB cannot close’ shall be indicated when the LCB is ordered to hold but no LCB hold feedback is received.

The high voltage system shall be isolated after too many indications within a time limit until fault reset or PSW restart.",Each DCU/M and APU converter shall indicate faulty when the actual converter cannot be activated due to faults that are set permanently until fault reset or PSW is restarted.,c16,r85,0.24,0.76
"LCB cannot open

The high voltage system shall be isolated (reported to TCMS within 2 s to lower the pantograph) and protective shutdown shall be ordered and event ‘LCB cannot open’ shall be indicated when the LCB is ordered to open but LCB hold feedback is still received. The isolation shall be set until fault reset or PSW restart.",Each DCU/M and APU converter shall indicate faulty when the actual converter cannot be activated due to faults that are set permanently until fault reset or PSW is restarted.,c16,r86,0.25,0.75
"LCB close without order 

Protective shutdown shall be initiated and Event ‘LCB close without order, shall be indicated when

- LCB hold feedback is detected AND

- LCB hold order has not been set

The high voltage system shall be isolated after too many indications within a time limit until fault reset or PSW restart.",Event 'HSCB does not close caused by hold line trip out feedback' set when:The line trip chain is broken when all detectable conditions were set.•	HSCB hold order set AND•	HSCB hold line trip out feedback not received within timeConsequence:•	command open HSCB•	system shall be isolated if too many failures [PX_LcbClCnt] are detected within a certain time period [Pt_LcbClWnd],c37,r87,0.26,0.74
"LCB open without order 

LCB shall be opened and event ‘Possible line overcurrent detected or LCB is faulty’ shall be indicated when the LCB hold feedback suddenly disappears while the LCB hold order was high.

The high voltage system shall be isolated after too many indications within a time limit until fault reset or PSW restart.",Event 'HSCB opened by faulty line trip' set when:•	Negative edge of any either HSCB+ closed or HSCB- closed AND•	HSCB hold order feedback reset AND•	HSCB hold order not reset by any DCU/Ms (Protective shutdown) or HSCB supervisionConsequence:•	system shall be isolated if too many failures [PX_LcbOpFlLnTrpCnt] are detected within a certain time period [Pt_LcbOpFlLnTrpWnd],c35,r88,0.23,0.77
"A fast shutdown (FS) blocks the converter, opens the separation contactor by digital output and discharges the DC-link. The LCB remains closed.

Fast shutdown is sent to all control units of one DC link in order to get the reaction in all units simultaneously.



When a fast shutdown (FS) is requested by a protective supervision within the LCM and the MCM the following actions shall be done:

1) Blocking of all IGBT connected to the related converters except the OVP/brake chopper IGBT

2) Open the charging and separation contactors (except FS caused by the ACM)

3) Discharge the DC-Link after the separation contactors is opened

4) Open the auxiliary load contactor

5) The LCB remains closed

6) Fast shutdown within the LCM or the MCM is sent to all units of one DC link



When a FS is requested by a protective supervision within the ACM the following actions are done:

1) Blocking of all IGBT connected to the related ACM

2) Open the auxiliary load contactor",The DC link shall be charged when the HSCBs are closed.The DC link shall be discharged when the HSCBs are opened and no converter is activated.It shall be possible to re-start motoring within 10 seconds after a loss of the ‘traction supply’ lasting up to 30 seconds.It shall be possible to re-start motoring within 2 seconds after a loss of the ‘traction supply’ lasting up to 10 seconds.,c14,r89,0.15,0.85
"A fast shutdown (FS) blocks the converter, opens the separation contactor by digital output and discharges the DC-link. The LCB remains closed.

Fast shutdown is sent to all control units of one DC link in order to get the reaction in all units simultaneously.



When a fast shutdown (FS) is requested by a protective supervision within the LCM and the MCM the following actions shall be done:

1) Blocking of all IGBT connected to the related converters except the OVP/brake chopper IGBT

2) Open the charging and separation contactors (except FS caused by the ACM)

3) Discharge the DC-Link after the separation contactors is opened

4) Open the auxiliary load contactor

5) The LCB remains closed

6) Fast shutdown within the LCM or the MCM is sent to all units of one DC link



When a FS is requested by a protective supervision within the ACM the following actions are done:

1) Blocking of all IGBT connected to the related ACM

2) Open the auxiliary load contactor",The DC link shall be charged when the HSCBs are closed.The DC link shall be discharged when the HSCBs are opened and no converter is activated.It shall be possible to re-start motoring within 10 seconds after a loss of the ‘traction supply’ lasting up to 30 seconds.It shall be possible to re-start motoring within 2 seconds after a loss of the ‘traction supply’ lasting up to 10 seconds.,c14,r90,0.15,0.85
"The fault status shall be reported to TCMS for each propulsion system, each DC link and each converter when the actual system/converter cannot be activated due to faults that are set permanently until fault reset or PSW restart.",Each DCU/M and APU converter shall indicate faulty when the actual converter cannot be activated due to faults that are set permanently until fault reset or PSW is restarted.,c16,r91,0.53,0.47
"The state of operation for all the converters shall be defined.

1-3 Computer initialization

4 DC link is discharged

6 DC link is charged

9 Converter is in operation

10 Stop operation

12 Discharge DC link

20-39 Protective states

31 Converter is isolated",The DC link shall be charged when the HSCBs are closed.The DC link shall be discharged when the HSCBs are opened and no converter is activated.It shall be possible to re-start motoring within 10 seconds after a loss of the ‘traction supply’ lasting up to 30 seconds.It shall be possible to re-start motoring within 2 seconds after a loss of the ‘traction supply’ lasting up to 10 seconds.,c14,r92,0.19,0.81
"The converter shall be stopped and event shall be indicated when the converter is manually cut-out either via command from TCMS or via set of local parameter.

Cut-out of the MCM shall stop the actual MCM.

Cut-out of the MCM in DC mode shall stop the actual MCM and open it’s charging and separation contactors but the DC link shall still be allowed to be charged to uphold the DC link voltage.

Cut-out of the ACM shall stop the actual ACM.","The converter shall be stopped, and event shall be indicated when the converter is manually cutout by setting a local parameter.Cut-out of an MCM shall stop it and open its charging and separation contactors but the DC link shall still be allowed to be charged to uphold the DC link voltage.Not to be mixed with the Traction cut-out, not in propulsion control:A Traction Cut-Out switch is fitted in seat bay 1-9 on A/C/C(D) cars. When operated, this isolates the following inputs to the PSW on that unit only:•	Overload and Aux Set•	Overload Trip and Test• Motor Actuate•	Brake Actuate•	Traction Test•	Train Protected•	Forward•	Reverse",c2,r93,0.3,0.7
"The voltage and current sensors in the converter shall be DC-offset calibrated before the converter can be activated.

The LCB shall be opened, all converters shall be stopped and the DC link shall be discharged during calibration to ensure no currents.

The DC link shall actively be discharged during calibration to ensure no DC link voltage.","The voltage and current sensors in the converter shall be DC-offset calibrated before the converter can be activated. This shall be done after each startup of DCU/M.At DCU/M start-up:•	Open separation and charging contactors in MCM•	Calibrate DC link voltage, DC link current and phase current sensorsWhen Shed supply switch is in TRACK position:•	Inhibit close of HSCB•	Close separation contactors•	Calibrate line voltage and line current sensors while MCM1 removes any remaining DC line voltageThe self-test shall not be activated during sensor calibration.",c3,r94,0.25,0.75
"The brake chopper interlacing angle (0..360 degree) shall be calculated based on how many brake choppers that are in use and their positions.

The first used MCM 1..4 with not isolated brake chopper (OVP) shall be set as brake chopper interlacing master.

In case each motor converter includes two brake choppers, the interlacing angle (0..180 degree) shall only be calculated for the primary brake chopper (OVP1).","The propulsion system shall acquire the carload per each motor converter from the brake system.The PSW calculates a tractive/brake effort reference in kN, received from tractive/brake effort reference and specific tractive effort. This result is then load corrected based on load weigh information from the brake decoders, Load Weight A(C)-car and Load Weight B-car. The load weight compensation factor is based on a tare loaded car and includes compensation for the rotating masses.The load weight PWM input signal is configurable and shall have a safe limit to not cause overload.Load weight shall only be established when train is at stand-still and shall be locked and stored when train starts running.",c111,r95,0.15,0.85
"The incoming power shall be calculated as the DC link power (Udc*Idc).

The outgoing power shall be calculated as the sum of the MCM power, the ACM power and the OVP/brake chopper power.

The DC link power balance supervision shall only be activated when all power signals for incoming and outgoing power are valid.

Soft shutdown shall be performed, and event DC link power balance fault shall be indicated when the absolute value of the difference between incoming and outgoing power is above 100 kW for longer than 3 s.

The DC link shall be isolated if the failure is detected 3 times within 30 minutes until fault reset or PSW restart.","Unwarranted regenerationRegeneration inhibit supervision shall be enabled when line voltage is outside the allowed range for regenerative braking. That is, if line voltage is below 400 V or above maximum voltage. Maximum voltage depends on which train lines are set:- with rheostatic braking only train line set: 650 V- without rheostatic braking only and without regeneration level select set: 800 V- without rheostatic braking only but with regeneration level select set: 900 VSoft shutdown shall be initiated and event ‘DC line regeneration inhibit failure’ shall be set with delay [Pt_DcRegInhILo] when:- Regeneration inhibit supervision is enabled AND- DC line current is valid and less than [PI_DcRegInhLo] AND- Integrated/accumulated DC line current is below [PI_DcRegInhLoAcc] for a time delayConsequence:Soft shutdown shall be initiated during a minimum time [Pt_DcRegInhSfSdMn].If 3 faults are detected within 30 minutes, the DC link shall be isolated, and event indicated until fault reset or PSW restart.",c141,r96,0.22,0.78
"The faulty converter shall be blocked and event shall be indicated for each converter if its measurement value differs from the median calculated value more than 100 V during 1 s.

The faulty converter shall be isolated if 3 faults are detected within 30 minutes until fault reset or PSW restart.","To reduce the risk for wrong over voltage protection, failures in the DC link voltage measurement shall be detected.The two MCM and the APU DC link voltages shall be transformed to line side of the line inductor when the converters are charged. A plausibility check between line voltage and the transformed DC link voltages shall detect and identify the faulty DC link voltage measurement.The converter shall be blocked if the measured value differs from the calculated median value with more than 50V during 1 s. The converter shall be isolated if 3 faults are detected within 30 minutes.",c19,r97,0.36,0.64
"At least two converters from which at least one converter including an active OVP unit must have a valid DC link voltage measurement due the requirement of at least one active overvoltage protection (OVP). If not, fault shall be indicated and charge of the DC link shall be inhibited within 10 seconds.",The DC link shall be charged when the HSCBs are closed.The DC link shall be discharged when the HSCBs are opened and no converter is activated.It shall be possible to re-start motoring within 10 seconds after a loss of the ‘traction supply’ lasting up to 30 seconds.It shall be possible to re-start motoring within 2 seconds after a loss of the ‘traction supply’ lasting up to 10 seconds.,c14,r98,0.18,0.8200000000000001
"Passive discharge test shall be used for supervision of the DC link capacitance and the passive discharge resistor.

Passive discharge shall be tested as a part of the automatic train test every n:th day (parameter). To test the passive discharge the DC-link shall be passively discharged from nominal DC-link voltage to a certain level in a certain time. It is not necessary to perform the test all the way down to <50V.



Soft shutdown shall be initiated if the passive discharge rate is too fast indicating faulty capacitor DC link capacitor. The DC link shall be isolated if the DC link capacitor test fails repeatedly until fault reset.



Event shall be indicated if the test has not been performed within n:th days.

The converter connected to the DC link shall be blocked if the test has not been performed within n+m (parameter) days.","Passive discharge shall be tested annually or more frequently. To test the passive discharge the DC link shall be passively discharged from nominal DC link voltage to a certain level in a certain time. It is not necessary to perform the test all the way down to < 50V. The test is performed in traction test.If the DC link is discharged too fast, it indicates faulty capacitance in the DC link.If the DC link is discharged too slow, it indicates faulty discharging resistor.",c15,r99,0.4,0.6
"During operation, any earth fault in the power chain shall be detected from and including the propulsion windings of the main transformer to and including

- the stator windings of the traction motors

and to and including

- the primary windings of the auxiliary power 3‑phase transformer.

When an earth fault is detected, the ACM and MCM converters shall temporarily be blocked.

By activation of one converter module after another, it is possible to locate the earth fault.

If the earth fault is located to the three-phase load of one of the converter modules, that converter module shall permanently be blocked and the rest of the system shall continue its operation.","Single pole earth faultWhen a single pole earth fault is detected, the two MCMs and the APU shall temporarily be blocked with open separation contactors.By activation of one converter module after another, it might be possible to locate the earth fault.The single pole earth fault sequence shall not start if a double pole earth fault is detected.The single pole earth fault sequence shall not start if the earth fault is reported from the heating system. The Main Heating contactor is opened, and traction system can continue to operate in normal mode.Sequence for single pole earth fault detection for more than 200 ms:∙	Block all converters with open separation contactors, including APU∙	Εarth fault active, earth fault not within any converter, stop sequence and isolate propulsion system∙	Start APU∙	Εarth fault active, earth fault within APU, stop sequence and isolate propulsion system∙	Start MCM in A(C)-car∙	Εarth fault active, earth fault within MCM in A(C)-car, isolate MCM in A(C)-car∙	Start MCM in B-car∙	Εarth fault active, earth fault within MCM in B-car, isolate MCM in B-carThe HSCB shall be opened if the earth fault is still active when all converters are blocked with open separation contactors.If the earth fault is located at the APU, the whole unit shall be isolated. The HSCB shall be kept closed to support compressor and heating system.If the earth fault is located in the MCM DC link, at the brake resistor or the three phase load of one of the MCMs, that MCM shall permanently be isolated with open separation contactors, and the rest of the system shall continue its normal operation.Event “Single pole earth fault” shall be indicated when a single pole earth fault is detected.The propulsion system shall be isolated if the Single pole earth fault is detected 5 times within 30 minutes.",c20,r100,0.25,0.75
"Earth fault in high voltage system (after DC LCB)

If earth fault is detected when the DC LCB is closed but the charging and separation contactors are open the earth fault is in the cabling between DC LCB and DC link charging circuit.

The DC LCB shall be opened, and event “Earth fault in high voltage system” shall be indicated if earth fault is detected when the DC LCB is closed but the charging and separation contactors are open.

The DC LCB shall be isolated if the failure is detected 3 times within 30 minutes until fault reset.","Earth fault in High voltage:If the earth fault remains when the APU and MCM converters are blocked with open separation contactors, the earth fault is most likely located in the high voltage cable, line inductors or in the compressor.Soft shutdown shall be performed and event “Earth fault in high voltage” if compressor contactor is open or “Earth fault in high voltage or compressor” if compressor contactor is closed shall be indicated if the earth fault remains when the APU and MCM converters are blocked with open separation contactors.The propulsion system shall be isolated if the failure is detected 3 times within 30 minutes.",c13,r101,0.38,0.62
"Earth fault in DC link

If the earth fault remains when the converters are blocked, the earth fault is located in the DC-link or in the high voltage cable.

Soft shutdown shall be performed, and event “Earth fault in DC link” shall be indicated if the earth fault remains when the converters are blocked. 

The propulsion system shall be isolated if the failure is detected 3 times within 30 minutes until fault reset.","Earth fault in High voltage:If the earth fault remains when the APU and MCM converters are blocked with open separation contactors, the earth fault is most likely located in the high voltage cable, line inductors or in the compressor.Soft shutdown shall be performed and event “Earth fault in high voltage” if compressor contactor is open or “Earth fault in high voltage or compressor” if compressor contactor is closed shall be indicated if the earth fault remains when the APU and MCM converters are blocked with open separation contactors.The propulsion system shall be isolated if the failure is detected 3 times within 30 minutes.",c13,r102,0.46,0.54
"Earth fault MCM:

After activation of the auxiliary converter, the motor converter shall be activated in order to determine if the earth fault is on the three-phase output side of the converter.

If when earth fault is detected, the motor converter shall be isolated and event “Earth fault MCM” shall be indicated until fault reset.","Earth fault MCM:After activation of the APU with no earth fault detected, the MCMs shall in sequence be restarted.First charge the MCM to detect earth fault in MCM DC link. If earth fault is detected, the motor converter shall be isolated and event “Earth fault MCM DC link” shall be indicated.After charging, the motor converter shall be activated to determine if the earth fault is on the three phase output side of the converter, MCM, motor cabling or motor.If earth fault is detected, the motor converter shall be isolated and event “Earth fault MCM” shall be indicated.The MCM is isolated by opening of separation and charging contactors. It is not time critical to open contactors at single pole earth fault.",c10,r103,0.36,0.64
"Propulsion control shall acquire the status of the traction safe loop from TCMS.

Event shall be indicated when the status traction safe from the Motor Converter Control Unit differs from the status traction safe loop.",Traction safe fault supervised by the PSWTraction safe failure shall be indicated when the traction safe status from the two DCU/M differs.,c6,r104,0.29,0.71
"The Propulsion Control System shall implement the following protective actions in priority order:



1. Protective Shutdown

2. Fast Shutdown

3. Soft Shutdown

4a. Protective Blocking Chopper (only for xCCD)

4b. Protective Blocking Phases (only for xCCD)

5. Single phase blocking (Fast Blocking) (only for xCCD)

6. Soft Blocking (only for MCCD)

7. LCB Open (PSW)

8. Charge Inhibit (PSW)



Except for Protective Blocking interrupting a Soft Shutdown, a Protective Action with higher priority (lower number) shall interrupt a Protective Action with lower priority (higher number).



When a request of a Protective Blocking comes during a Soft Shutdown sequence, the blocking of the converter shall be performed immediately (I.e. the blocking shall be performed fast, but the Soft Shutdown sequence shall not be quit.)",The wheel diameter calibration shall be enabled with 3 s delay at following conditions:∙	Vehicle speed calculation is valid AND∙	Fast increase of brake effort is not activated AND∙	Traction/braking effort reference (relative reference) is less than tractive/brake effort limitation [PX_EnCalWhDmFMa] AND∙	Traction/braking effort reference (absolute value) is less than tractive/brake effort limitation [PE_EnCalWhDmFMa] AND∙ Vehicle speed is greater than a speed level as a function of maximum wheel speed error of all axles as specified in the figure below (large difference allows calibration at lower speed) AND∙	Slip/slide has not been active during the time [Pt_EnCalWhDmSs] AND∙	Maximum wheel speed difference is not to high AND∙	Reference speed for wheel diameter calibration is valid AND∙	The reference speed derivate is within speed derivative limitation [P_EnCalWhDmDerL],c126,r105,0.11,0.89
"Protective Shutdown (PS) is the most restrictive Protective Action since it by opening the Line Trip Chain (HW) forces the LCB to open. PS is used to minimize the damage in the System in critical situations such as short circuits and high risk for fire/explosion.

This protective action is only used when the situation is critical and there is no way to protect the Propulsion System by using other actions. The reason for this is to ensure a high degree of availability of the system.



When a Protective Shutdown is requested the following actions shall be done:

- Blocking of converter phases within 2,5μs (If supervision via HW) or 1ms (If supervision via SW).

- Blocking of other converter phases connected to the same DC-link within 1ms.

- Separate the faulty DC-link from the supply.

- By opening the Separation Contactor if DC-link current is within limits. 

- Else first open the Line Circuit Breaker, and then the Separation Contactor.

- If PM-motor is used open the Motor Contactor.

- Discharge the DC-Link.



One of following states shall follow a PS state. The states are listed in priority order:

- Isolation

- Re-initialization

- Discharge of converter","A method that is thought to be beneficial to limit the dust build-up in the external air cooling ducts is to periodically activate the external fan at high speed. It is thought that in normal service the high-speed mode of the external fan will not be used much as low speed gives sufficient cooling. If the high speed is activated at certain conditions loose dust might be blown out of the cooling system. The mentioned function would only be activated towards higher vehicle speeds. This is done to limit the noise impact. Also, a time counter is implemented to keep track of the time since high speed fan activation. When this time reaches a certain value and the vehicle speed is above the limit the fans are activated.It shall also be possible to manually activate the function from TMS with use of the IP interface or with a laptop connected to the propulsion maintenance port. This manually activation shall trig on a positive transition of the activation signal and be activated during the same time as the automated activation regardless of how long time the signal is kept high.",c103,r106,0.12,0.88
"The LCB shall be opened when protective shutdown is initiated (either from the converter control devices or from the PSW itself). 

LCB shall be opened via two paths:

- via protective shutdown order down to the converter control devices and line trip (SIL2 safety related part)

- via LCB open order to the high voltage control within the PSW (basic integrity part)",Each DCU/M and APU converter shall indicate faulty when the actual converter cannot be activated due to faults that are set permanently until fault reset or PSW is restarted.,c16,r107,0.18,0.8200000000000001
"To minimize unneeded interruptions of operation caused by external disturbances or other transient faults, most of the supervised limits have an allowed number of detections within a time period. If a failure becomes too frequent the related control unit performs a DC link isolation.



On request of Isolation following sequence shall be executed for the related control unit:

1) Blocking of all converters connected to the DC link

2) Open the charging and separation contactors

4) No essential supervision for this state shall be deactivated

5) The unit keeps the state Isolation until fault reset is initiated, restart of the control unit board does not reset the isolation state","The converter shall be stopped, and event shall be indicated when the converter is manually cutout by setting a local parameter.Cut-out of an MCM shall stop it and open its charging and separation contactors but the DC link shall still be allowed to be charged to uphold the DC link voltage.Not to be mixed with the Traction cut-out, not in propulsion control:A Traction Cut-Out switch is fitted in seat bay 1-9 on A/C/C(D) cars. When operated, this isolates the following inputs to the PSW on that unit only:•	Overload and Aux Set•	Overload Trip and Test• Motor Actuate•	Brake Actuate•	Traction Test•	Train Protected•	Forward•	Reverse",c2,r108,0.15,0.85
"The DC LCB shall be opened and the DC link shall be discharged when the Traction converter front cover is not closed.



Event Traction converter front cover is opened"" shall be indicated if the cover is open while high voltage is enabled (i.e. when the LCB is allowed to close).",The DC link shall be charged when the HSCBs are closed.The DC link shall be discharged when the HSCBs are opened and no converter is activated.It shall be possible to re-start motoring within 10 seconds after a loss of the ‘traction supply’ lasting up to 30 seconds.It shall be possible to re-start motoring within 2 seconds after a loss of the ‘traction supply’ lasting up to 10 seconds.,c14,r109,0.24,0.76
It shall be possible to reduce the brake power if too many brake choppers are isolated.,"Once the ‘traction test’ has started, it shall be possible to return the ‘combined traction brake controller’ to the stowed position without affecting the ‘traction test’.",c45,r110,0.2,0.8
"The event collection shall be activated when TCMS reports that TDS database is ready.

The event collection shall be delayed according to device type and position to get a staggering activation of the event collection.

The event collection shall not be activated within each device before the IP network towards the diagnostic unit is up and running.",The event collection shall be activated when TDS database reports it is ready.The event collection shall be delayed according to device type and position to get a staged activation of the event collection.The event collection shall not be activated within each device before the network towards the diagnostic unit is up and running.,c25,r111,0.77,0.22999999999999998
"Condition data counters shall be sent via the Ethernet network to the superior diagnostic system.

Condition data counters shall be used for:

- Working time versus ambient temperature for

All converters LCM, MCM and ACM

Propulsion control leader

Traction operation

Electrodynamic brake operation

Converter cooling fans

Main transformer cooling fans

Main transformer oil pump

Brake resistor fans

Motor cooling fans

- Working distance for

Traction motor (per MCM)

- Number of activations for

Propulsion control leader

LCB activations

Fault reset

Converter cooling fans

Main transformer cooling fans

Main transformer oil pump

Brake resistor fans

Motor cooling fans

Auxiliary load contactor

Charging contactor

Separation contactor

other contactors



- Energy consumption for

Traction

Auxiliary three phase voltage

Auxiliary battery voltage

- Working time under different operation modes

Electronic switched off, switched on respectively switched on with in operation

Capacitor, at DC-link charged and at DC-link in operation","Condition data counters shall be stored in ODBS.Condition data counters shall be used for:•	A(C)-car distance travelled•	B-car distance travelled•	Total energy absorbed•	Total energy regenerated•	Number of HSCB operations•	Number of HSCB trips due to overcurrent•	Number of A(C)-car motor converter separation contactor operations•	Number of A(C)-car motor converter negative separation contactor operations•	Number of B-car motor converter separation contactor operations•	Number of B-car motor converter negative separation contactor operations•	Number of auxiliary converter separation contactor operations•	Number of fault reset•	Number of A(C)-car external fan high speed contactor operations•	Number of A(C)-car external low high speed contactor operations•	Number of A(C)-car brake resistor fan contactor operations•	Number of B-car external fan high speed contactor operations•	Number of B-car external low high speed contactor operations•	Number of B-car brake resistor fan contactor operations•	Number of B-car load shed contactor operations•	Operating hours external fans high speed in A(C)-car•	Operating hours external fans high speed in B-car•	Operating hours external fans low speed in A(C)-car•	Operating hours external fans low speed in B-car•	Operating hours brake resistor fans in A(C)-car•	Operating hours brake resistor fans in B-car•	Operating hours MCM converter in A(C)-car•	Operating hours MCM converter in B-car•	Operating hours APU converter in B-car•	Local unit ID•	Four unit ID defining the trainThe data will be stored in the PSW in a non-volatile memory. These records can be set or reset using provided tools on a laptop PC connected to the replacement systems access point which is available in all cars.If the CCU-O needs replacing, the values can be transferred to the new CCU-O manually.The condition data shall be sent to TMS on the IP interface.",c24,r112,0.14,0.86
